Paper,513,27107.85462681245,49.67899009132789
Tape dispenser,86,63471.587115188784,77.09964989713274
Tape dispenser,306,45070.43313531294,60.3869925581687
Computer,459,52989.447902897795,49.05338722587471
Glue,387,43248.827767096125,80.8972959377374
Desk,678,57612.88380380926,92.30181026731528
Computer,560,67534.49447130621,35.29321285554981
Folder,350,40798.90335070495,41.548886323753734
Calculator,551,9337.338833852597,58.59693419893474
Ballpoint,679,46541.23623320521,1.7441345097666638
Desk,743,41716.542152513204,41.93773840145823
Label,793,1986.2930833730902,36.900617758564835
Paper,473,65368.04362557397,75.11094286024118
Computer,13,58267.32710773696,66.35755244439194
Fountain pen,557,19013.83946280468,87.3687162628697
Wastebasket,743,81007.75738515411,44.21259184822156
Tape dispenser,261,68089.48276958232,58.76772711338589
Push-pin,544,12783.479209278557,70.9019605878611
Pencil sharpener,527,22909.802934559673,50.550608911859065
Clipboard,140,17988.025082419525,83.65018598119673
Glue,343,28598.74479499406,8.676157789985593
Computer,581,53748.73490464581,19.9432884826502
Swivel chair,942,5156.813478851638,46.07120794884204
Scissors,871,52020.92381427428,58.161311273108346
Tape dispenser,216,45968.3960396687,90.17948453398468
Notebook,693,82680.09616416368,76.98931527863355
Fountain pen,519,18041.5943616293,90.57401335874754
Fountain pen,406,69160.25422096123,31.399684048659502
Desk,65,55210.75533702896,81.33369640730831
Ballpoint,503,75523.8507727591,92.19665938321346
Keyboard,448,8088.9242927208625,70.01046362434698
Pen,593,86715.26519416651,84.37324974417713
Drawing pin,528,48432.51591490213,65.55806137596903
Tape dispenser,3,68517.5584970919,19.400009139448898
Wastebasket,354,46360.8325598637,1.5977794207667178
Label,710,54117.48565512967,44.70829492953922
Pencil,422,14428.659566905679,25.027860839243072
Bulldog clip,19,66083.76875966616,48.36278512888024
Tape dispenser,154,66722.84848752944,97.34175569505216
Desk,439,84628.99856768175,7.38813272457784
Tape dispenser,650,6815.607601081512,55.02253195562507
Swivel chair,168,15921.580143283127,89.74475278643315
Monitor,632,3493.8211607512717,65.79071661995641
Monitor,974,48422.71669550992,68.4890335190024
Desk,960,4425.267165697452,90.60448747420863
Scissors,282,10025.23558943048,35.65295781321555
Telephone,417,3006.3687022456024,86.1489475358584
Computer,812,11534.902379130157,21.4601530571222
thisisPen,715,46597.96467863813,58.6807186323428
Pencil sharpener,288,97108.81952226363,3.5893432055774728
Calculator,323,17063.348186578005,24.771839118685527
Scissors,503,71300.53857402081,84.2592905759219
thisisPen,164,15157.917596801863,76.82269590467047
Fountain pen,80,93557.56795842179,0.7529761674279856
Wastebasket,550,23671.052864378275,96.04479952130394
Pencil,200,60259.554751476,38.33736351905799
Bulldog clip,937,1509.7819074992165,33.65909443742694
Sticky notes,325,68514.40020391274,22.041443522342977
Label,341,68996.34901978284,50.68164744408728
Envelope,287,33903.01075506633,83.37500500029873
Fax,620,48296.762387599854,38.78634381593378
Filing cabinet,398,50646.040501879994,31.601377666472445
Keyboard,293,81161.24457470735,83.62765637015558
Notebook,718,28342.216645160257,33.837801052103295
Wastebasket,784,61041.37856656274,88.15970659235695
Notebook,918,39951.90981960808,38.750012895699314
Swivel chair,271,40426.929462816464,95.35874389417742
Glue,444,96317.00871291291,29.735191335019184
Swivel chair,658,97232.06776475093,46.12086050321054
Computer,747,14278.919264898732,29.506620955145397
SuperPencil,552,68199.1281004753,98.50512029897966
Marker,981,83922.69654451811,36.33231133141351
Monitor,294,86869.47279736916,55.29492288693037
Ballpoint,789,64259.46761714352,39.27937084681646
Drawing pin,270,53565.59504686053,17.034190579812357
Paper clip,871,62802.13888454488,46.244645954042944
Ballpoint,311,11356.945841392606,72.60057710358778
thisisPen,82,73127.06021272781,82.05785971058695
Clipboard,561,55296.549291432595,0.6964823455194425
Marker,704,20128.20196783015,41.70186902624948
Clipboard,828,92710.9271042174,40.069039223357585
Notebook,78,7742.727592455378,18.62737639762169
Notebook,713,61392.62471278256,11.012976668362564
Push-pin,312,80465.93579019146,54.672116757724666
Folder,913,62751.49022928675,35.49343054114901
Envelope,155,88315.16592046204,55.44210844758294
Folder,100,7350.396804317262,56.576597103532585
Bulldog clip,514,10475.81028947955,39.849815073264175
Push-pin,607,92652.02485941854,79.98138461789912
Stapler,11,25487.371274646863,5.4339368004767845
Pen,344,34477.39753457125,16.894668758221933
SuperPencil,387,33204.40927361964,35.20687863028029
Drawing pin,511,12111.635526487655,75.63608018584267
Pencil sharpener,689,66016.02156725446,64.78557883395699
Keyboard,782,71755.9193583813,71.16070937359758
Notebook,786,34344.84680332326,69.98509643103363
Scissors,405,65562.63585233256,44.53015188265584
Swivel chair,706,68976.93461211502,62.799167956210724
Scissors,453,69962.69728934139,5.1026619608488515
Label,539,55574.66966196149,94.61848548852709
Calculator,903,65690.80609898218,44.015448590037714
Eraser,320,32590.952054734178,97.83172175108962
Filing cabinet,749,89550.67765632772,20.347352306540532
Paper,329,63133.702133492254,86.95343102031846
Folder,266,86283.95553323862,18.906266700522924
Notebook,359,35344.865626304534,10.735259438827045
Scissors,666,95951.0531289093,53.55724821044569
Label,639,79997.20417436959,7.755927708823303
Filing cabinet,555,45369.97811623229,62.799312955573875
SuperPencil,413,2429.8603041454535,74.61133010674493
Fountain pen,982,39909.03467373464,39.911144823009366
Label,977,40379.216782373434,76.56039027080598
Drawing pin,538,68997.25837358552,64.50133961530585
Fax,560,54950.45871332048,24.22031993202975
Stapler,524,47765.441846982496,72.43654629963802
Computer,902,60755.44189005104,27.84751083660889
Pencil sharpener,834,75395.82568511424,56.711400167443344
Filing cabinet,179,68756.94440400855,31.311126559880265
Tape dispenser,902,4209.510920567662,89.3836893306727
Paper,655,66985.23330477077,53.825019259064526
Desk,931,60770.5658556144,47.62003241529988
Wastebasket,271,61736.027336853615,35.513187295532276
Fax,894,4191.047978528841,52.13838413862556
Calculator,718,45867.738249113536,29.641341108246582
SuperPencil,67,96616.18247017104,67.57477308284359
Notebook,789,60287.106239433284,75.16098120702887
Ballpoint,110,49672.76176320021,5.51699417027171
Computer,262,81556.43721922023,83.32896742020667
Paper clip,527,92641.43462317293,96.10836241241661
Marker,15,57274.08361352919,73.88495589128595
Telephone,353,98536.89866968032,89.41204882757482
Ballpoint,621,53402.4177891787,4.176059799919617
Pen,939,42555.470210285996,30.05871453523768
Sticky notes,306,30626.9558497392,61.326189250503376
Notebook,19,59927.12113875366,60.25365375366422
Marker,452,71419.53502423286,54.95235451349403
Stapler,851,72527.60552433576,67.39176100345652
Label,498,94288.72644110706,97.43844635926973
Fax,795,56954.16310825778,31.234513696217878
Filing cabinet,98,79692.3150742735,73.99945636350105
Push-pin,712,4400.675907433209,53.525741652477905
Clipboard,549,25233.351966165046,82.76206422191338
Paper clip,411,95170.78940440257,73.28176170657989
Tape dispenser,755,63534.099219462434,56.132118636983726
Computer,769,34668.045042204256,85.20551424042202
Tape dispenser,338,10984.96364756754,67.95102662348351
Clipboard,675,54250.15755548068,72.85810062584835
Stapler,775,36905.16918782003,82.99739183699691
Paper clip,685,4971.9599581003495,3.041447191196184
Eraser,629,78826.74651020915,73.41536600271523
Paper,266,42555.67024116936,69.81211369563877
Pencil sharpener,356,69218.5794754312,63.77658479585538
Label,542,45704.85374400417,21.41038363685252
Clipboard,260,44213.81933542809,42.337277800777755
Clipboard,127,63399.11695278916,7.723867736263663
Calculator,17,23769.484344841683,53.92730587507229
Ballpoint,110,35719.23265633343,32.44255445945476
Glue,23,32095.03357658487,7.891444390480438
Pencil,74,48345.23820183089,89.10834389112756
Envelope,763,90867.02397382964,47.156650252964205
Pencil sharpener,336,74313.04309261269,9.296980194200376
Keyboard,179,80388.40568877484,57.360961727135326
Computer,63,7818.839825167909,89.25381148275582
Eraser,478,7792.142248174182,47.9698059632136
Keyboard,700,70977.69100561125,36.33769964528846
Label,888,42241.03920441988,32.07629397924155
Stapler,944,42871.58942119365,48.23116474793237
Clipboard,922,61889.66325363962,35.79223189563901
Push-pin,240,93379.88265259471,86.16774460372552
Paper clip,66,42604.25899040368,85.84672695886465
Glue,639,97120.02554380166,21.56131149473371
Pencil,668,29944.736254074865,52.42588678126629
Paper clip,755,64868.72501788693,45.45497974532191
Tape dispenser,67,2680.833155937307,35.03674759986924
Telephone,24,49463.92954091014,29.487524183059026
Keyboard,403,48945.73334882816,69.60678577695406
Swivel chair,689,49819.600405097255,19.7814504079739
Eraser,732,34412.53925194552,3.216299450316611
Monitor,385,3380.155547456844,93.79786675927471
Ballpoint,145,87606.64058787869,28.577992116949293
Clipboard,543,94042.6823562573,93.65226149566082
Bulldog clip,306,25861.74315032188,7.10597166897432
Calculator,288,2988.803966642671,81.05959036186195
Ballpoint,842,78160.63631343968,80.88205960590045
Clipboard,172,27315.045021472877,71.64689679954856
Pencil sharpener,551,69537.40318830675,3.7489229797579813
Clipboard,293,35977.58056964152,71.39802074059726
Eraser,564,68554.78425987076,55.493727110628924
Envelope,430,57859.44023675847,61.7635125384941
Eraser,55,70162.27386843454,58.37913206429851
Clipboard,381,91549.8967483988,95.08430200806602
Monitor,472,34009.096591315945,89.68356557617567
Wastebasket,930,67864.25315910918,30.58568173980134
Fax,208,50536.56822321828,40.08245639997074
Computer,625,77130.52146524326,81.70830819677388
Glue,26,61576.557179244744,17.31792526089996
thisisPen,95,35644.5284772778,91.53155220250011
Clipboard,109,86198.26474773178,74.22993088725923
Marker,824,20980.819024246954,69.64981461019575
SuperPencil,296,77826.2959058004,83.92140987736893
Rubber stamp,474,23688.323490295945,7.062865955945594
thisisPen,969,98078.77725408618,29.619791116662864
Marker,75,203.71905316823486,9.007398529580763
Wastebasket,915,9843.80228615837,19.048912314823465
Telephone,985,99617.89730951561,25.361979133030275
thisisPen,785,74993.23773563048,36.715654718497426
Label,223,46287.55187814971,43.53815732616588
Pencil,585,50850.30119187225,62.95978481312896
Envelope,714,90675.4123927881,40.11741252290487
Monitor,187,91844.45348858625,37.697259662240285
Paper clip,92,86112.0823069103,69.16566239589284
Envelope,390,32665.149157188713,77.07675114386502
Swivel chair,282,94370.0092810083,5.524346978338022
Fax,531,61413.711852687826,1.4410072424241138
Wastebasket,662,47531.365588706125,20.378914910104584
Rubber stamp,641,42900.21213243663,25.10474177257917
Filing cabinet,158,55835.697315513906,18.28365383649105
Wastebasket,610,50639.94930378735,47.53328468434637
Clipboard,30,7386.972129977321,34.39333600721645
Paper clip,469,29296.297152237108,62.184437255673764
Stapler,667,60238.24541668603,92.3214884020842
Notebook,136,99280.87948557799,70.4635867650016
Push-pin,313,29618.288734624075,45.080896853552936
Filing cabinet,709,37224.07029281849,32.623873170570924
Glue,222,45746.35473376346,53.11413338929604
Glue,45,72933.36588276931,37.76786630759547
Glue,181,87154.13817075558,79.0689341855692
Tape dispenser,967,55631.06997556799,91.96625482108136
Eraser,571,11124.957273209871,95.88082226126772
Sticky notes,958,64660.99048610533,33.45574738727991
Filing cabinet,11,83387.25926328397,76.6891515812173
Pencil,931,42682.521241132396,78.86809312125072
SuperPencil,66,52975.94924268521,14.74085170819076
Paper,827,48695.775929632,15.053077080831724
Pencil sharpener,482,39865.74412765509,93.03530265411733
Paper clip,102,98281.97672733106,6.816222470243654
Eraser,275,34215.158024193675,31.024254472348776
Desk,768,65199.30785825944,58.63646770271723
Folder,991,7156.599743436907,56.66173295310783
Eraser,77,56266.39827351858,69.49153356434152
Calculator,739,48029.43011212137,94.60747620411176
Notebook,931,3086.576430923088,66.1469634735303
Pencil sharpener,201,93180.78702107319,14.592719639945654
Fountain pen,157,2764.3427390024,7.013477731312762
Paper clip,995,80020.14071731473,10.577105823954176
Envelope,564,46493.453576878695,50.5317419060299
Stapler,918,95922.84259230157,54.97181634630803
Pencil sharpener,326,93593.41572699351,25.24953984785407
Pencil sharpener,187,18116.280710875682,59.384161967920285
Keyboard,577,9784.741111830497,28.179696115817315
Label,4,88.81173725331023,45.45707842822943
Paper,213,67767.5801782553,56.41087087712841
Calculator,270,78757.75603032978,84.90327733904083
Telephone,907,77942.90701088688,14.206873192967661
Paper,893,54450.488958396585,79.19193414634834
Highlighter,383,13096.349336407078,90.53407066226514
Highlighter,969,33748.20540919251,0.22333497960394189
Pencil,261,90574.28327612088,65.2913073464016
Wastebasket,682,17417.051188477497,42.37624970868403
Pencil,334,74947.80043045164,88.1120475863748
Keyboard,400,82443.18535226243,25.6330900184827
Drawing pin,732,44085.32773773761,59.141194581767365
Filing cabinet,409,9056.07384366126,78.54276128632826
Pen,414,30273.771423598082,26.287354174430085
Ballpoint,265,15867.837564524914,79.48608414470192
Stapler,1000,37471.27264477831,7.169740602285202
Wastebasket,384,49975.88232937641,13.6787861199095
Marker,9,48414.171359552915,19.924521748184535
Bulldog clip,529,16091.270904234996,92.59194644937398
Computer,327,87197.14866964794,53.45391220298897
Clipboard,791,8139.077336160564,76.70655433641417
Bulldog clip,342,36662.288492350424,62.97635488846985
Monitor,137,10984.038794661645,26.364562438786045
Calculator,925,88256.57961801637,8.432033980203766
Monitor,590,72055.70235800602,50.93804591454618
Bulldog clip,556,92329.20171403476,68.8670220043943
Tape dispenser,958,90166.17728218241,96.47793085542122
Tape dispenser,737,55610.47693168624,35.253875848906226
Telephone,217,9654.487793097342,29.738392858828178
Bulldog clip,127,58887.018754599805,74.99291486837305
Computer,828,86552.39202859937,91.49167839319063
Rubber stamp,768,688.5081488184776,79.38365746636639
Pencil,545,54994.07764826547,68.80361995256821
Computer,447,56052.24782076585,59.19381345773478
Marker,860,13435.564723623844,93.77614743366385
Monitor,778,99459.87861808491,61.08957895381673
Paper,19,45016.99483577301,3.109255945290079
Pen,847,53756.48140286099,25.9697636348865
Folder,464,68630.95846147067,51.062870612021165
Paper,460,73156.17895617934,7.1467772904121345
Swivel chair,207,51470.47399375031,8.555449890307415
Highlighter,901,56637.3990661319,89.0860965320698
Pencil sharpener,784,47410.023396744546,84.99988152570342
Drawing pin,492,89166.09012170414,63.98955797924882
Eraser,789,43050.69480494605,48.989607848224814
Folder,960,67867.4730085961,37.118991554005405
Envelope,988,4739.517187329745,71.66744412281881
Calculator,40,12216.031863310363,16.646591328010686
Telephone,581,35039.008796358496,54.42234094773365
Ballpoint,998,87048.62089497801,77.05538289459834
Highlighter,895,62489.502224735385,39.48611451746592
Paper,659,6254.560388069772,75.19972884639645
Folder,263,86375.27796994086,73.09010086096511
Fountain pen,351,80453.11410210335,69.91279419904592
Paper,952,73557.32464563666,84.17146375143861
Push-pin,529,19621.98307915652,21.095025468246455
Scissors,816,871.8623109099119,44.60218903102875
Glue,393,20794.893512059498,34.374574984776594
Fountain pen,434,55524.43035827949,68.33026610950353
Scissors,238,62559.5691347135,63.520190764481406
Highlighter,242,18228.515501610345,54.539754146776595
Envelope,768,98598.21569092391,90.89075080370739
Marker,510,86535.32615030812,71.96116131503284
thisisPen,41,80570.2750030262,26.928427826526402
Pencil,475,4708.490672038412,0.26241889313410904
Desk,745,12751.633175164281,62.23571703000585
Calculator,808,42918.47439112391,64.39230791001448
Push-pin,965,96511.4877773147,5.636331456845097
Sticky notes,261,47211.27842658625,33.06745763063379
Sticky notes,141,83730.68729424992,91.29761299110706
Desk,770,49058.907158056565,79.6940098841897
Fountain pen,794,68325.38441177724,33.68956335573865
Ballpoint,974,47398.07835068117,17.29208640225612
Scissors,161,85079.08893200125,95.89559865254043
Calculator,587,93888.53905018537,42.158889686901105
Filing cabinet,171,98198.68397832454,68.99446961553835
Pen,495,15709.811286432197,46.78707643382807
Folder,99,80716.9079967885,25.899857846832415
Eraser,20,29725.305508984955,72.76628933986693
Envelope,146,8364.648367016074,28.000616838764152
Swivel chair,20,18177.409310897398,64.54290705785142
Notebook,451,37092.63650830302,59.55153634299765
Desk,817,37591.584036511726,66.06376654411842
Desk,230,90256.43889708782,78.57612882779425
Paper,335,69617.41465159545,14.85943336739327
Push-pin,456,47307.58421380598,44.23064087474158
Stapler,859,57595.51689008258,31.066037553937438
Marker,806,96908.87946526748,35.26735573298799
Scissors,929,55766.502828587094,45.17317848767085
Glue,603,25782.257529266764,64.69819234304184
Eraser,694,11858.102376877127,69.00963247186095
Computer,850,76975.49942102925,17.49573069201351
Eraser,350,69197.0636290616,66.51817331917091
Pencil sharpener,750,72758.89553432669,61.508394891346704
Push-pin,241,75190.40470394584,49.602724852770166
Label,885,17215.270263252853,33.64949361088293
Clipboard,190,24082.44546958572,80.4555756040267
Desk,776,63647.39486421219,19.893533089097836
Bulldog clip,94,8794.978687263148,73.60683911551838
Folder,235,72118.0883032698,42.73890223972945
Keyboard,48,72416.86597016973,53.88308057026863
Computer,28,10740.823271577856,4.408282357870499
Clipboard,80,96884.8175076822,96.41791953247238
Ballpoint,125,72954.3024573676,82.38489566664195
Pen,912,72361.02640353033,23.828716136410407
Clipboard,272,93188.55355011078,31.572815507625386
Pen,217,1097.5862396771254,47.82286386903559
Highlighter,290,9726.178825093511,56.94322998427952
Calculator,529,89573.81203013904,20.812467069841357
Glue,793,7758.410725694676,83.32191205835811
Bulldog clip,635,59096.038567390446,74.68704023464988
thisisPen,906,34793.82910793035,67.8198665736834
Clipboard,798,41172.67422474798,32.7642529489886
Calculator,963,58072.7158972172,96.76107161054067
Paper clip,47,41892.04231496807,69.09111207760934
Desk,898,94091.4064077803,76.99389463103397
Label,745,4189.406734976338,57.23665064598176
Glue,931,87386.26618746076,17.134653917482282
Desk,938,5371.186202088901,72.37296505556564
thisisPen,792,8757.805489736302,18.05585567872074
Envelope,546,57501.34575999333,46.89494932342101
Filing cabinet,919,36758.95837330911,62.29680157708968
Scissors,53,97388.87982596965,53.53618860158983
SuperPencil,536,57146.71617276643,45.648966191732
Marker,206,39423.6295248012,34.346617443046036
Label,682,21993.111757166625,69.96196860431306
Label,14,73711.40944899448,25.140271600371292
Ballpoint,279,53240.89705741261,18.980867486905716
Eraser,438,60871.41740472214,24.485784505352886
Sticky notes,160,76831.69499357924,76.41084449416476
Clipboard,449,69085.49343864781,20.164557927291565
Stapler,545,15184.211571820628,15.538483915721109
Eraser,539,14226.061824658811,30.02440731625747
Pen,868,24679.88115334284,10.170914974180361
Eraser,694,34219.82837422848,60.54099900604406
Rubber stamp,476,46062.45898671137,76.93593022738497
Wastebasket,518,65328.465913354106,7.036346716437677
Filing cabinet,594,28271.31206707847,77.22655991628318
Clipboard,282,54663.505019600154,96.31069565058542
Pencil,223,92524.18194192903,44.20133636973578
Push-pin,801,26330.432288427448,51.69207420666876
Notebook,181,52136.49559998848,36.68271050184211
Pencil sharpener,435,89552.01220486422,39.44574273415052
Drawing pin,92,69321.40508435374,64.22936167140047
Label,672,1941.284781956389,66.4921176020773
Fax,418,82722.26368437929,74.43890374265897
Filing cabinet,745,40569.26475959745,90.07577228632262
Clipboard,793,89668.84547793173,64.5867724843562
Folder,224,92014.65227602178,40.536876573038604
Drawing pin,344,98671.21075859589,70.96322475303568
Notebook,492,13933.685064228825,60.70409958983022
Notebook,873,35534.50606133586,95.49847200651415
Notebook,895,203.72340562270523,86.58642459066498
Tape dispenser,345,1646.9663222580173,10.686988623618452
Pen,545,96447.76879224324,21.281513661361654
Computer,166,80765.83328663485,77.89147214090082
Swivel chair,56,99679.27888300351,53.14363633422273
Monitor,986,94249.34062100768,87.09546159603613
Envelope,809,83647.80266757349,75.2800391462304
Swivel chair,795,84720.68991665149,1.514619504201059
Pen,168,12114.210383425174,96.7371602861029
Pen,185,25193.85521527073,80.14907967016647
Paper clip,176,34024.149055632704,61.18639123211687
Keyboard,99,56966.61115562937,9.459312377989399
Envelope,318,67493.05923645152,22.677642885151673
Envelope,16,82312.80336243365,21.468997406639
Label,978,79175.57577064594,71.02554634867266
Highlighter,785,29041.31791388425,89.5669732395738
Marker,774,47633.547738596004,23.80356065856816
Monitor,20,2873.495399268397,84.20331199365523
Notebook,134,33340.1782104444,68.55854132113434
Highlighter,470,26985.70440369484,82.73466591752059
Monitor,827,32277.20339640743,61.16605120281672
Eraser,337,56340.200445219794,61.68535041903576
Keyboard,356,12282.01155829801,93.79234474282362
thisisPen,9,82482.54929387594,87.80031077275524
Rubber stamp,160,61050.5639566416,79.39795366810884
Wastebasket,242,40337.87966050262,2.847523192923018
Glue,390,95451.48968857668,6.108001112030379
Ballpoint,21,10414.119933623895,97.3568176670137
Tape dispenser,583,19355.92117174704,27.790374082041893
Monitor,747,15872.970652865348,65.77971532617566
Fountain pen,330,98083.70939527862,31.546351184292615
Fountain pen,630,56859.49509787109,18.312297202134314
Push-pin,383,31557.332971456482,98.29118950077158
Pencil sharpener,279,85262.87541641014,77.3561175299999
Paper,197,28970.965058695627,72.63311266424427
Sticky notes,908,72974.58251299018,20.4223661899187
Ballpoint,181,40993.6245095518,77.28422206842994
Fountain pen,845,75567.0609873874,36.73512627367017
Paper,634,37560.550205105734,56.450535160774784
Pencil,341,71800.3194549844,40.57739382820645
Paper,839,59646.59919058578,40.02952306421099
Clipboard,264,67339.04767010205,60.1107913379752
Sticky notes,766,39476.364954111035,13.473295131712097
Notebook,656,39260.327234071316,33.64328012676285
Drawing pin,169,45299.92678623687,7.9161536326248445
Monitor,771,36019.91535665458,9.777533805192544
Keyboard,834,86534.41450173507,31.90490146278401
Computer,842,86476.72138525575,98.89083274490274
Eraser,419,49484.93731829493,79.25914389513109
Stapler,873,63064.43139661971,52.017464015371395
Scissors,924,22932.8430366652,15.269002287103415
Swivel chair,588,540.9406421910753,33.85234447598868
Fountain pen,512,61414.12514762083,49.939803512080424
Fountain pen,37,96029.04613165221,87.50013444245454
Pencil sharpener,425,52777.4735868995,70.07246639749421
Calculator,879,54143.29260263105,52.0500224695823
Telephone,119,51472.38998803713,41.60533235693464
Eraser,432,71100.86390887588,95.17879914204971
Glue,871,60435.10529164126,24.938266106685315
Sticky notes,432,49172.71943810671,64.0193692488703
SuperPencil,134,53362.42016485158,85.05555398768361
Sticky notes,115,80534.87801903825,16.361180756660996
Eraser,211,57244.92462225882,54.820796157542716
Filing cabinet,470,97323.70018064373,1.6660705423143003
Highlighter,248,44790.32166231732,12.17858682587417
Desk,646,63811.839409997265,72.59546596692199
SuperPencil,243,3877.9522194134397,79.45552290113012
Pen,517,23147.15286546859,91.97246894977036
Notebook,780,81503.76534391902,7.018542146235912
Monitor,764,24006.1942512988,58.31153283905885
Notebook,837,79437.01214103271,27.720419308599187
Tape dispenser,243,97210.68027840753,69.49093906962273
Pen,871,23038.949184269088,67.47357627458653
Wastebasket,731,30514.6820585374,86.49804836933704
Push-pin,584,70938.26562602477,11.694716174456529
Fax,730,725.5611094326624,19.533941921493998
Tape dispenser,332,72193.57381416223,4.34905497301149
Drawing pin,358,25923.10121037412,58.46737834680369
Pen,624,55964.873199479836,95.68628864867486
Pencil sharpener,103,86112.39051437014,56.19328404390593
Push-pin,524,58040.56046318253,95.03013094146624
Rubber stamp,833,94976.7859321768,98.33998998729393
Rubber stamp,335,75404.62997036228,5.481341049389166
Push-pin,177,45976.65982548992,30.671952129292453
Fountain pen,234,32186.759966028276,1.1317826949272372
Ballpoint,890,3745.8491977917815,91.35074332554841
Wastebasket,676,55887.35452457482,35.909154009887715
thisisPen,777,669.9621152745019,75.78487309730072
Wastebasket,603,45680.99223277635,90.08332590684584
Bulldog clip,686,20652.583294737426,59.90267614886432
Label,434,46358.78439668061,79.4669629501556
Paper clip,929,9425.84811673987,22.123924970637336
Stapler,295,99287.4797418068,6.652796355909233
Rubber stamp,55,75005.45176169435,10.60033448991439
Filing cabinet,281,69833.49370522193,16.23507277100588
Push-pin,895,43719.05086565692,90.57324124107922
Push-pin,923,70146.44530770584,71.79971191738102
Paper clip,975,69578.52359303922,11.034176361273493
Pencil,771,65601.12542977804,88.05095788182696
Ballpoint,716,73271.53399934302,3.106418529629504
Telephone,968,16936.112509706025,52.464468868725845
Highlighter,88,51229.5038933705,2.4006718138774286
Desk,254,44973.63310439242,60.68501599597487
Paper,33,75260.43857787056,80.45259939772927
Scissors,867,48025.29336735844,45.44458702712861
Monitor,539,71020.38117163528,74.15430221100017
Monitor,519,98235.21216916002,10.041450569365434
Ballpoint,871,3461.3978583103913,20.987327049315994
Rubber stamp,403,8817.983465455893,50.698816114732786
Bulldog clip,890,37983.888882836916,75.85407714773969
Paper clip,883,62797.23757045988,20.993381149668977
Glue,365,5429.535917980457,69.40882863094855
Calculator,443,42031.59675843911,32.60392110321203
Folder,223,517.2115078311783,34.49362492204222
Highlighter,768,40224.37615704484,25.69762699387021
Swivel chair,317,97321.3856402262,98.57106260287048
Drawing pin,823,46752.770685384545,82.90086104736424
Tape dispenser,147,20322.247752054944,80.65609954535076
Sticky notes,318,1138.037161232889,67.92397586846491
Paper,998,43181.53009374602,16.757635977446935
Desk,128,39698.299223115995,71.1043549173531
Pen,43,95643.88324132624,24.866753029125956
Fax,909,23161.971687677873,37.68555914768109
Rubber stamp,924,71360.16508283778,88.54595023391171
Pencil sharpener,206,32552.1937083631,38.802135174982645
Desk,192,11082.818865296056,18.770224896980825
Clipboard,308,45869.40939515036,62.09640704481182
Tape dispenser,258,54124.41444079375,56.6400453720483
Desk,941,79571.88144619318,69.82623330214386
Wastebasket,733,59029.62902404651,57.396320422307056
Pencil sharpener,589,29528.464038809234,1.005375710791208
Monitor,434,28156.700262554274,74.15030827011111
thisisPen,577,5310.006258660701,0.9848739708269459
Folder,192,69880.06071281224,77.3842592501372
Wastebasket,367,72271.3976229815,66.25081624378488
Desk,118,13085.252856651281,11.051375493532904
Rubber stamp,248,81125.12974489777,5.276212847147107
Wastebasket,904,29167.24234589906,67.19355267135404
Swivel chair,706,72000.21452670357,49.17002764138996
Pencil sharpener,89,79728.26067504071,26.641103688813672
Wastebasket,294,860.9860884099481,80.09570816217976
thisisPen,436,26962.40742782322,2.9254386043721885
Push-pin,632,88884.19387147347,66.11298688638853
Filing cabinet,285,8519.947682610948,55.39232662024536
Pen,801,4565.918331013059,57.785345988244785
Computer,126,57618.61718085823,40.99368141582002
Telephone,226,10048.664520983777,24.930792299758004
Ballpoint,152,76194.39341095158,90.38151482275649
Wastebasket,910,70207.2991884832,11.279913327923447
Envelope,9,89702.50429117435,4.416519737501694
Fax,235,70245.79439924902,63.160305384123824
Paper clip,52,11852.75075928728,72.16144420528965
Pencil sharpener,160,55203.303542706424,77.91776942079456
Folder,711,67439.06661373783,72.6917447966001
Eraser,272,10517.331049564185,75.19949752686681
Tape dispenser,790,23197.282013189593,58.14812534862817
Monitor,788,86184.07942064396,94.77919370329748
Monitor,928,94150.47818084642,17.809131066283257
Calculator,55,89873.69450512576,39.49533642317911
Wastebasket,522,20190.804057926394,96.16323505711144
Pen,948,684.4545715081449,69.36776807194757
Fountain pen,483,44805.877280244145,69.95209025159886
Marker,164,20354.66137154942,60.14791355738804
Calculator,867,31936.415860859393,66.45670591315455
Envelope,776,73217.87122604152,62.46219023776993
Marker,485,87882.69919932802,57.62480904270384
Telephone,810,59237.276220263884,88.87271417421182
Eraser,930,42097.534967534484,75.93919560313896
Label,356,27885.143190592033,0.9054668330393184
SuperPencil,739,60270.05049359271,80.13536691522484
Fax,207,30908.157723480977,20.081700003864505
Stapler,229,76526.36275694495,27.834939122740078
Label,42,51947.62031229095,35.12465366032159
Scissors,527,80796.09200126771,29.788163135475507
Drawing pin,946,59818.3339140173,87.25139727440107
Stapler,262,8998.131097979325,71.64994694323778
Ballpoint,870,58278.62012170532,26.18088200023128
Push-pin,446,62166.01241238963,73.03312529832877
Wastebasket,398,98573.91372281243,51.119626725407
Desk,958,29258.820225149335,22.367251386038205
Tape dispenser,834,25584.43526802215,35.403116380636106
Swivel chair,80,10358.050647019238,22.97273352285316
Scissors,138,53573.10852536175,42.88801365067291
Pencil,960,32003.040601642613,40.661581050812245
Drawing pin,232,45712.402787628795,54.13719585472755
Paper,740,28683.54424221968,4.292133132737396
Filing cabinet,919,20662.24090310794,65.61621937444272
Pencil,518,5054.308838770192,11.456257005706668
Monitor,830,2818.078537751237,4.555254589817178
Scissors,657,59374.2683655194,71.22653042219407
Eraser,416,75538.32787382275,5.189079965251776
Fountain pen,565,81674.781948105,71.91139522221343
Push-pin,798,24918.220742505175,47.72096899575178
Sticky notes,1,19782.755806338308,65.08036782244747
Scissors,6,20234.027346221483,11.651565239724427
Paper,172,85712.14043833152,10.620513825545103
Glue,235,51131.08915594623,26.444519947169532
Paper,922,11352.85017841443,2.824915145612292
Glue,459,79259.35859726992,45.963665933648386
Calculator,894,73598.56647781424,5.009789839818722
Folder,247,83173.4559511651,67.17988312195483
Paper clip,469,43803.28653057277,58.22001728245099
Monitor,734,59095.181254781935,63.85930368393821
Sticky notes,525,93705.22788983895,89.92928415301228
Highlighter,137,50981.18202883604,38.64679368595554
Pencil,501,63923.36683253447,10.813943500532705
Pencil sharpener,99,87263.3275775984,92.81352263244776
Fountain pen,538,75674.98257534037,44.398719236092276
Keyboard,455,55210.70420593481,15.678650500438343
Scissors,389,12476.240779363867,97.37831666904125
thisisPen,619,1921.4399705444248,71.18055975997255
Pen,732,82057.22283554131,22.413208356455527
Sticky notes,346,26853.3629843138,79.5941697041609
Bulldog clip,569,47346.84981899125,28.282704125250586
Telephone,352,78266.55976494012,38.12804968043641
Desk,224,53464.557868402124,62.27062711927283
Fax,5,90776.91847015703,67.50223963227849
Paper clip,963,96192.69597728818,73.25013946499995
Label,253,17952.719508547874,6.793395241765092
Marker,335,85427.5286330344,95.25267836422353
Drawing pin,401,81896.49872768704,14.36409424054677
Highlighter,784,21010.022817012017,88.47588228013207
Filing cabinet,979,25096.329916564286,75.73403234659911
Stapler,53,63680.74026495113,58.150710708316026
Envelope,392,70184.5966635495,57.29831957159778
SuperPencil,175,16120.463693731363,39.466417264876036
Highlighter,954,32216.702219545852,42.34990728667834
Notebook,26,40467.879689506335,51.24519053932739
Notebook,571,98460.58387659381,76.22604426429663
Push-pin,301,69680.97717650507,12.839745007446256
Paper,910,71323.10696098111,16.026614278220226
Ballpoint,591,27419.617090690008,56.70879990452564
Sticky notes,403,92744.02959214669,70.35165662248578
Folder,113,52208.966327749804,0.8507773473554125
Paper clip,944,94306.9328157562,22.787371873796754
Rubber stamp,547,87309.90109975215,97.61696458972892
Telephone,227,47125.56979464636,20.43337387308639
Notebook,612,39110.28515771682,79.8118117259648
Ballpoint,585,42287.97769328603,59.937486906402775
Filing cabinet,598,26559.705617281634,78.98090379964542
Fountain pen,979,50117.2356085044,57.01952334836954
Keyboard,196,12962.089524507028,21.74656810742441
Ballpoint,327,75122.46353091559,60.34273455463669
Drawing pin,603,91869.17945575155,30.207628912308234
Pencil,58,61564.8630256897,97.46442020503112
Computer,725,77584.17240397896,57.12155265756655
Rubber stamp,415,99474.98849905995,11.72233198214204
Drawing pin,957,3277.9965487540258,21.727317661354967
Clipboard,913,8647.284196949578,77.65459593258868
Paper clip,87,3590.1661041712946,99.00285994074444
Pencil,245,14289.265749994018,65.2319986189775
Envelope,423,19237.580998468333,42.23226648757876
SuperPencil,243,42305.06004465679,0.8634387642042208
Pen,858,13992.312237966675,98.29404115151925
Desk,339,6318.9199092976805,11.892167329282783
Wastebasket,284,379.0431798632824,6.977733332948815
Bulldog clip,795,74884.55415482186,17.60241699904432
Envelope,895,5274.419428088568,45.80059080185976
Push-pin,453,60180.102347881955,6.6896943388128545
Push-pin,581,2974.9564716011123,66.72058925699413
Clipboard,210,38737.832916021944,0.6116763107925434
Calculator,877,38231.7204504362,70.98044877874425
Scissors,775,84732.32391922867,55.07150889945607
Paper,918,39757.81163917783,34.296954064056536
Label,642,89536.4426633787,96.3827760643977
Calculator,41,68282.69627461881,77.82937196536257
Computer,366,36662.72730739948,23.65217594067612
Eraser,361,4834.089650210943,96.50822960188961
Swivel chair,656,97949.49268284971,34.93835553052222
Folder,912,97368.85024178702,98.18428887365687
Marker,91,81502.40363632406,1.2573069257988971
Desk,716,37581.10969139001,6.955314299223512
Glue,630,77870.89366465637,7.123270098842045
Sticky notes,689,20545.901098998413,93.63391175297713
Calculator,527,3291.36000342066,12.674238706557603
Swivel chair,65,59072.63915233446,97.11539267185995
Keyboard,400,63320.289832634015,54.21456863476136
Marker,40,72414.50093463458,81.85717971425446
Swivel chair,681,36055.49622898549,67.94026895710616
Marker,181,15672.52873710504,15.771374657152384
Fax,656,83192.70802496497,78.89912602175734
Rubber stamp,451,12316.129342651233,12.26285561284788
Clipboard,954,47102.42316038848,73.83428643021253
Swivel chair,680,36978.06246917072,52.19503399645493
Scissors,287,73282.78341904072,17.78757692912976
Scissors,667,20455.066505563544,24.732122897452122
Fax,375,20139.499720973152,6.194014912170642
Stapler,382,94030.80970376176,10.769376396413493
Clipboard,868,98500.79216554144,8.466376426934653
Paper clip,330,64907.02983125826,29.912492468175714
Marker,765,96800.06472996001,63.649100866522254
Push-pin,750,43252.512008727914,82.26718573388543
Scissors,930,83820.22614847116,1.6942932394968009
Fax,178,28418.074680880174,54.08781869204398
Label,888,24458.90435355532,13.538106114681417
SuperPencil,769,54317.49709573317,66.95169132717419
Ballpoint,390,69617.75031597026,14.92055628772641
Pen,226,12800.333660556616,62.462659762474836
Scissors,32,87269.54675606474,98.37376018624992
Stapler,802,87544.51751589599,36.121041528139344
thisisPen,899,62488.03339821153,4.729716215605618
Tape dispenser,464,39045.17745535407,90.28374271528189
Marker,848,69970.08536046228,6.1544436734156385
Paper clip,933,77432.3041548509,67.76544844684507
Wastebasket,580,49245.32504163367,72.62434514084688
Scissors,137,96264.62745328539,4.406868105055315
Bulldog clip,577,13166.782185979971,13.854652293323442
SuperPencil,51,65555.1203789652,58.86257041697588
Wastebasket,42,70232.85842647548,52.87127112344287
Swivel chair,727,73789.29674249563,42.0197722765892
Eraser,237,96017.57768612304,28.440709972275435
Ballpoint,51,79196.60843720887,47.96287829841234
Desk,324,22595.74617760885,27.971140887859622
Envelope,851,35020.723810988224,8.913973718939529
Rubber stamp,837,38106.95499564225,84.39922369097117
Swivel chair,149,46112.14795957682,34.065916421050076
Paper,928,35890.229865687645,69.95805751182043
Scissors,192,19283.326235949065,9.731990950495826
Scissors,476,62726.876244053965,78.1224297664764
Scissors,515,51526.48401216026,78.52623805813853
Scissors,334,77472.90825036833,63.993147424870656
Glue,559,52829.28550047212,54.149129743278955
Keyboard,309,71630.91643661566,60.33826442862528
Notebook,849,16805.746183418578,8.522524512969214
Glue,522,27684.426567130315,13.227173165753157
Label,529,43500.04346574668,94.11959308023359
Highlighter,42,95090.1763224888,2.728986588265262
Computer,546,75947.80769452782,68.01214364156337
SuperPencil,782,30031.01599051571,47.8089307362829
Marker,20,69588.37788069164,64.7161102808912
Clipboard,345,46824.263652166854,67.66513736308629
thisisPen,675,68304.14337393816,51.04866278763298
Pencil sharpener,827,94970.32436932917,37.33434658941378
Notebook,871,69782.72993130067,72.50163434757233
Notebook,839,3333.6269971917473,13.584249285898485
Ballpoint,99,91122.20040907117,29.483263604600477
Bulldog clip,558,24378.37355958136,94.7179377422335
Glue,86,32053.683747756477,24.65851695795487
Pen,65,20987.730270531916,45.68513107574362
Highlighter,412,99766.35304568142,7.2243488446592545
Desk,955,98544.04056974308,76.8875026634396
Drawing pin,458,77254.09792542933,62.882984415101845
Fountain pen,637,77786.93952594665,71.70920456273625
Filing cabinet,766,77207.30846614615,94.88514792120819
Calculator,3,33664.10580797337,73.08597245221183
Monitor,741,87082.57478444827,72.6590064873092
Drawing pin,210,38041.33977434213,26.15095225957039
Filing cabinet,623,61728.228230764915,78.64715915638875
Paper clip,405,47996.417390387265,2.3500737027544316
Wastebasket,226,28264.199781550473,75.29208331815367
Pencil sharpener,158,15899.96816502661,5.890657512764963
Marker,129,94936.79719976062,55.67743545548167
Folder,356,73502.93562215554,85.72252654271172
Push-pin,756,89870.50118314732,93.22895910317034
SuperPencil,516,81835.22141206307,4.05798320296881
Swivel chair,493,24849.642883900677,5.159713321708306
Paper,692,31186.227682347053,55.77546344610541
Envelope,430,44796.65717246685,57.16472140558912
Pencil sharpener,981,18933.29585587257,77.94304735825655
Keyboard,649,40079.38490268036,77.28288964094348
thisisPen,6,32621.723539783354,9.663408176426886
Pencil,775,16642.497530881166,86.81824693388462
Notebook,708,5401.068479266068,32.291890899209406
Bulldog clip,837,93459.70215419716,16.361641026713375
Rubber stamp,443,28287.353835870053,74.5803678031762
Clipboard,67,99287.35368346902,21.63446146791849
Keyboard,882,76715.13484587103,63.052263678989675
Notebook,931,23181.99290919118,97.75245997099042
Envelope,514,35133.25925461746,37.460262602793996
Pen,575,42890.13375924296,19.8315602735218
thisisPen,612,65539.29405674769,85.65377509169032
Push-pin,368,26023.403576580036,64.09180360887679
Pencil,118,63505.645717280975,43.88712609286044
SuperPencil,283,51310.99987495383,75.15723569561891
Swivel chair,891,91143.64311979666,52.46638728393559
Folder,821,95051.74542457728,58.89730903715058
Paper clip,320,96278.87086265179,0.7565572791707189
Filing cabinet,1,89492.74946109878,83.64370284494449
Label,754,56591.6764003416,79.22273931091979
Label,966,8178.408359220034,10.908606146003985
Ballpoint,959,58393.249703781556,8.684609921765865
Fountain pen,413,76730.94521520572,7.795894875004307
Pencil,638,27006.250190433457,71.22760535990966
Sticky notes,952,14696.696362526021,14.038716755912219
Folder,953,47317.24180776711,9.043555555216043
Label,539,21191.452579168308,71.22868223265382
Pencil sharpener,592,67768.8454712255,25.15218696302298
Marker,27,30721.945079558067,33.30278559952636
Fountain pen,189,93579.47275197683,27.6927033631248
Fax,880,89765.80771071534,66.64760786340227
Fax,771,54770.25023727854,73.56434352424982
Rubber stamp,502,19934.158890908035,89.9779055048698
Calculator,632,8441.294348895379,38.80746792357953
Computer,176,75566.48223707658,39.28122372282491
Pen,632,6063.690102817999,43.83372894237534
SuperPencil,245,563.6035771971294,47.66743314681022
Pencil,923,91498.59666160167,65.33629419960805
Desk,58,45704.99385264642,27.82023332029529
Telephone,808,84826.22091089623,87.3190780268253
Wastebasket,260,39318.5602735525,0.09926264559477048
Clipboard,578,18262.77139875769,26.705061436726687
Swivel chair,491,12830.083555625755,34.05089699323886
Paper clip,106,34500.366131899864,91.74970112805441
Fax,597,36048.73577616494,91.06081474760121
Tape dispenser,601,89968.5379108946,54.25478348181021
Keyboard,308,43033.29976201168,96.62521402788167
Computer,29,52141.95267360904,23.579477129716253
Glue,420,66316.43157234011,44.03803184852169
Keyboard,680,80625.96832242348,38.190740358900094
Highlighter,108,68143.2169930123,72.50172651502037
Eraser,993,10564.669626450323,54.190167472834645
Paper clip,958,22524.97295280975,38.212060969687265
Rubber stamp,700,28218.048683818557,44.22740503504181
Glue,878,76532.95003688552,25.363382326222986
Ballpoint,983,49764.225947665946,50.08170400808814
Keyboard,417,37420.84041169016,27.268279334539766
thisisPen,42,94759.21350181158,5.3227175750389275
Ballpoint,341,88695.93107836795,45.44708924138201
Wastebasket,979,67376.0721750912,48.211485955443095
Notebook,142,57335.802726444555,82.61119469460019
thisisPen,235,24116.290333855755,47.903591378642176
thisisPen,190,45169.06433633761,83.35036792685251
Ballpoint,280,35450.49527446765,80.95085839170967
Notebook,839,4121.352130354506,34.80500125688103
Marker,290,33748.14844507163,40.78517348152224
Pen,466,63776.04241816289,35.540905974028135
Envelope,179,51001.69658276962,63.07126642620913
Wastebasket,672,78614.7041136141,78.70732331085901
Label,402,44697.86265173462,38.20038424962945
Pen,147,39453.72585833586,93.15196550059731
Wastebasket,465,82389.82179440008,12.274345476096777
Folder,745,45532.3918364935,20.245620243540476
Ballpoint,962,37567.75198508727,72.17896575329628
Push-pin,301,46635.1446147469,34.79491283055316
Telephone,241,6358.547802495728,8.380251732901849
Envelope,424,87335.7247932338,18.1712389998835
Highlighter,666,89994.71241509734,25.26977629895045
Fountain pen,353,5491.066317677939,35.97892324062752
Wastebasket,105,83747.56387031126,0.5406308690228218
thisisPen,49,22367.21087129224,8.040582253541828
Stapler,58,81929.85677937492,90.02498211769793
Glue,446,48105.69124980629,81.49126995808956
Wastebasket,660,14122.900585009253,68.50250196592667
Pencil,925,19223.470690277314,73.31450537392391
Tape dispenser,89,40420.63753887556,68.28028377343824
Sticky notes,979,79950.90698287675,7.500011571705589
Monitor,135,64947.72559133954,47.75723955050654
Glue,205,88851.43299806841,62.755362329874266
Folder,777,25341.332100401974,16.27808175710509
Marker,544,6206.547029310018,98.617288455974
Eraser,617,79022.06871637024,84.12080616052887
Telephone,843,63772.48223359132,3.1223220384567947
Tape dispenser,414,31657.941591029663,55.97038455322819
Rubber stamp,270,85520.29681300116,84.14846430669716
Filing cabinet,611,16313.075435923934,7.582415359013625
Bulldog clip,888,80591.90766692403,91.1116541519407
Pencil sharpener,423,17039.90961745919,12.700921788803367
Bulldog clip,252,89378.9807590942,1.3975655994431226
Sticky notes,328,59344.12062330313,91.27280170539167
Pen,615,7116.1603471239805,71.60249583327021
Pencil sharpener,533,5298.144090757967,16.39889490525172
Bulldog clip,829,83173.05407310641,88.98361707805648
Paper clip,694,35967.22507975168,30.437343464979733
Fax,488,73946.46749057982,1.4655557610703849
Label,853,72412.85907237175,90.04124582859781
Push-pin,989,55091.67912409647,41.44917867590822
Paper,909,32270.46347955605,22.309463154562295
Paper,593,87567.14021805275,48.92387342765662
Calculator,34,84084.42730088434,37.14881556342198
Telephone,474,6206.393337379167,74.51494992301808
Eraser,987,28538.13448278773,82.03105401519575
Paper,125,67852.67769106197,7.371092563718339
Telephone,607,9996.351807301486,58.159535641172624
Swivel chair,612,81337.9758319684,27.568635493272012
Swivel chair,825,37968.24354611668,64.39957429916541
Bulldog clip,600,78560.87089945606,70.68843841705122
Notebook,507,24334.192247224768,97.71407705938586
Pen,431,55087.40859591147,13.623746195970465
SuperPencil,321,50037.7512607756,37.36949574386228
Folder,609,58293.50845333845,41.10838578621831
Pencil sharpener,671,60269.516421288456,97.6060508423467
Paper,862,90594.57068591555,92.3942616365577
Computer,664,44143.08639308178,56.60122428907642
Notebook,939,92179.44243603325,98.68739998236185
Calculator,626,96081.15557306733,44.395565085188515
Pen,388,23236.3500029998,4.06753701675891
thisisPen,109,12208.976910495097,59.212788061449096
Stapler,347,50991.67817660973,83.50050307303427
Eraser,875,18724.50263944966,51.20516827035996
Highlighter,885,86344.72933644839,43.57356069239943
Paper,893,89547.79226740007,1.291254168447018
Desk,212,63757.32347638225,52.250337021198526
Calculator,521,17350.33121726096,53.65734710072659
Ballpoint,11,72652.80416655794,64.62770814770832
Label,896,17750.695339625654,96.98022551335573
Pencil sharpener,472,7845.901799760472,3.505256223798595
thisisPen,178,22707.50581678651,24.305075069563213
Eraser,39,90355.27254138974,44.959421097481695
Fountain pen,203,75389.57348374264,4.624313378021084
Calculator,83,42252.05433408558,68.56090933185774
Monitor,40,57078.26091165765,23.927408258664133
Notebook,450,38840.884867238754,19.889851393430927
Eraser,867,72.68108575681158,35.00974577573445
Pencil,320,56801.280556224454,60.86002834604972
Eraser,532,55271.80451224257,19.85418811746625
Highlighter,384,79984.96698678292,86.67658521440119
Scissors,826,96939.84733323826,12.181901338410933
Envelope,85,55162.4940406894,92.20681678543302
Stapler,478,22077.166110017457,91.11587486316863
Scissors,428,86912.28474290176,62.19009395801925
Paper,155,89734.44074847641,94.55821838052667
Pencil,151,80107.70877063119,2.5758899642009623
Paper clip,63,28591.694417515773,98.22278073189945
Pencil,196,34416.16963416659,58.821316729291446
Clipboard,788,77109.09544091961,2.638758064203814
SuperPencil,509,62846.98532237126,36.875244662499696
Glue,346,13023.167526179057,13.992049769872162
Calculator,702,58569.365100155264,65.50857502439179
Pencil sharpener,891,19668.451166062652,0.02460715798773027
Envelope,258,43619.627679727826,89.34464545752716
Rubber stamp,627,68197.14280612876,20.864081314740297
SuperPencil,300,75501.59786636446,98.01508013838499
Pen,628,46686.178187572805,36.59098227566162
Pencil,410,69750.80576145828,31.535383956391073
Fountain pen,112,71265.47215064518,34.67690373223479
Bulldog clip,507,32033.142368376048,7.480117381189593
Pencil sharpener,695,26124.103841896453,88.16076684860602
Pencil,5,3379.979425020926,45.713332223126955
Pen,882,63738.12779909203,38.59611532673627
Pen,929,57617.810219807056,76.0642928591981
Filing cabinet,299,83331.46641745704,56.04723858470166
SuperPencil,501,97152.65090965663,25.3690468918226
Rubber stamp,442,33072.20448701927,82.52195159610476
thisisPen,710,66785.61496599973,57.03010591355711
Envelope,535,13698.824167554496,77.12733184570595
Tape dispenser,106,95416.55338922498,5.132313531309874
Folder,887,91454.0463204739,83.04716220160165
Label,886,35107.850962643744,6.438461804601976
thisisPen,384,13725.712820720642,43.10657611156374
Eraser,930,93226.18667768843,70.67507916608976
Fountain pen,273,43459.388105261016,18.210300070132664
Fountain pen,721,54639.50878585218,86.38123452133705
Pencil sharpener,201,48219.57111799985,64.96716074621048
Computer,596,98420.76492390539,91.59570022694822
Notebook,886,27116.973325692947,8.487886166626486
Rubber stamp,307,65835.4449180683,61.39576710734699
Pen,129,87980.95512490552,84.10702242353355
Highlighter,385,66186.66068912424,6.576206659633063
Ballpoint,552,22705.383705759494,13.912962815566777
Notebook,544,70120.58387997172,35.633518469959895
Glue,363,51360.98287738013,19.363810330042217
Bulldog clip,314,55380.732627845005,91.68680858354331
SuperPencil,699,52871.20686153135,6.464643624257075
Swivel chair,649,26502.488081440442,89.12268622297735
thisisPen,923,41330.84832725891,44.42774356861736
Swivel chair,314,61764.387244102065,76.13324122045417
Envelope,185,89541.26062643956,41.22177522676794
Computer,481,97854.02440793128,41.58482916129609
Highlighter,874,5292.715880327911,73.7415267907284
Bulldog clip,976,66673.42370115263,90.39315983844241
Fountain pen,55,87406.56833061669,88.55169665487763
Paper clip,137,47762.31445503898,81.21604790853699
Folder,121,4195.897874306639,51.07340374940461
Pencil sharpener,647,37418.77506033018,24.210850331225597
Paper clip,2,42707.9386164639,10.819910016158754
Swivel chair,932,64148.77382054085,70.14848163753572
Scissors,691,97877.33071828006,36.46484278160337
Computer,168,29236.4052598909,9.917254112188063
Paper,568,73526.00512868197,89.54034595980386
Highlighter,720,19676.93180761015,82.43770740614322
Highlighter,409,50958.03828670086,22.1428854089924
Tape dispenser,159,54670.82944560661,57.03360608005042
Calculator,169,68598.07857221793,45.16484863551177
Clipboard,60,43019.202257778925,2.8246856822013204
Filing cabinet,194,96300.37782083356,96.77250692104825
Paper clip,301,49333.70340517474,34.657994755650066
Paper clip,974,59462.79003333646,49.34833763541787
Computer,503,62230.33527129514,37.90750411296732
Monitor,763,4772.40262970375,62.443306394896
Clipboard,968,23734.46781126119,83.16076056335037
SuperPencil,848,58390.065455954784,86.09310059396574
Tape dispenser,976,34789.75126200498,27.202883478388447
Rubber stamp,920,19984.396832904247,67.49037744544184
Desk,148,98158.67893832007,6.326451795328473
Folder,448,94333.81799662804,42.35355834329921
Calculator,242,11522.324636226816,83.82269126216676
Desk,71,53714.425294180975,30.95982598260166
Telephone,609,67746.41366486446,41.536068622448084
Bulldog clip,824,70114.02038938907,86.74263490285216
Pencil sharpener,587,18106.539761143325,41.9575297357479
Notebook,225,97200.80343680037,9.030686028095865
Pencil,669,75909.99605261229,74.24907654467401
Bulldog clip,435,45187.17200894641,72.81073764674059
SuperPencil,825,38627.609919767114,31.55482159736149
Folder,73,91032.44686595997,88.92709790081797
Glue,488,50765.0442026452,88.21041843137658
Filing cabinet,100,74301.36402265375,13.897309012105687
Keyboard,398,75043.1015034783,13.958861236478626
