Notebook,38,39819.220050261734,7.045374821663195
Filing cabinet,71,29117.356675331117,33.711858397074
Push-pin,214,70462.05761336078,82.05534265423832
Stapler,488,59780.557609062475,60.26271395034481
Pencil sharpener,651,86666.00095150522,76.1466776429236
Swivel chair,665,52166.07310089928,77.01005182563341
Sticky notes,146,78290.55235767813,21.838190232793245
Highlighter,361,78509.88875260796,24.18884776983734
Pencil sharpener,66,31205.286940125206,34.93293040491457
Rubber stamp,132,95557.16991845056,91.6724630549393
Keyboard,330,82193.49823695041,28.532960334933268
Sticky notes,343,25609.549385732025,72.76950790412094
Label,651,7241.222025434104,46.366829921808545
Wastebasket,627,18698.509898959965,88.02674704805267
Fountain pen,747,42940.008290156286,79.92817177771992
Notebook,540,30597.037608266633,75.36033723871853
Folder,738,86103.23031675883,37.21110820395523
Ballpoint,598,83707.20959728482,14.04335067807258
Notebook,407,24313.939575087566,55.55549228955414
Desk,534,37604.030186330725,31.84934570546446
Folder,241,20956.98067941135,24.64551823005055
Fountain pen,831,57730.35070834865,65.77971526645736
Filing cabinet,882,61966.36910719339,68.95142175453118
Clipboard,40,65314.40787818194,10.79368629558917
Fax,127,82401.92459740353,95.65335073285753
Pencil sharpener,505,73827.85779166209,71.7844439825529
Stapler,739,85092.91896067408,89.56417585679985
Highlighter,268,79353.9914669851,58.848012396807135
Pencil sharpener,302,60279.20984641941,45.19027787610882
Highlighter,641,87018.01008419681,58.17052572585752
Tape dispenser,644,1744.329783906588,81.82722305751365
Folder,356,69940.64953957943,77.84636646603761
Drawing pin,106,24984.277332465994,83.58268136476846
Scissors,650,54630.97589840578,50.54888037541498
Folder,477,84994.95224392223,84.28970476562635
Glue,673,66088.3887808106,63.348895564003364
Eraser,677,77472.7699477504,26.803176061010003
Fax,92,99194.06995440257,19.703302638414815
Marker,841,9068.672925895537,47.382941506015285
Telephone,245,14418.409591187317,60.590103745231374
Monitor,817,49203.0471886402,86.68427308706784
Drawing pin,656,84850.1196331637,59.87506610665003
Wastebasket,897,10538.414465279075,5.846154066615398
Label,696,88524.48347023447,16.318063998762216
Notebook,645,33245.8918269804,55.203533223038804
Pencil,249,10679.847281682918,42.97097867982537
Sticky notes,871,7291.526500334435,87.14865918882967
Push-pin,852,99658.56587828076,51.928897066742515
Swivel chair,62,72982.93320944093,84.34346030875636
Envelope,770,86725.69353475962,51.83318300465161
Bulldog clip,605,69425.47728876768,40.36887100246332
Calculator,169,87610.90715548515,3.504609795201546
Clipboard,948,58534.76478640171,83.29474598826225
Ballpoint,235,53170.580449789304,28.663775178423606
Glue,837,13460.54361552642,36.11112962606847
Notebook,307,16997.151212133296,10.33325030933153
Calculator,437,65655.2737613156,25.06158384875384
Keyboard,80,63435.30953057849,84.49295237048545
Telephone,946,358.94205012876614,66.93389304919457
Drawing pin,919,36340.62384479123,33.60060811839418
Folder,542,97138.60072460113,30.283915432862006
Stapler,582,29680.027137694164,4.868547463020649
Computer,176,14591.36267470647,51.62919158967643
Monitor,639,92497.39929204236,72.51522571950836
Marker,662,96863.19959857348,33.60778612337634
Highlighter,595,31280.986696842258,7.332994267539634
Bulldog clip,867,94277.00843726574,67.49896784813873
Highlighter,426,71857.52543191335,32.08842269923637
Drawing pin,5,26710.23049815067,70.84897499894629
Rubber stamp,69,3288.994078560778,12.690295496999676
Label,124,60804.88251080085,67.1358567524898
Wastebasket,539,31840.874738437058,34.11393562352222
Push-pin,387,73183.33022991812,83.16361507663923
Keyboard,643,63119.11363192184,17.221009704616883
Sticky notes,891,32978.1796377606,60.03532273673607
Swivel chair,732,37290.432554072744,35.18539983857349
Eraser,235,78389.6376765292,1.5545665359741208
Keyboard,229,85148.5015522026,5.462571964720484
Glue,2,23429.87628892796,6.877572954511244
Scissors,953,64422.018891481144,97.35014437598242
Label,948,375.78965722148257,75.9919450308344
Label,201,23584.80041147062,51.67486639479211
Bulldog clip,123,48615.24981270567,49.88944678809907
Fountain pen,628,84298.3140754098,63.821945799777076
Fountain pen,785,82190.94965637123,5.543968188673425
Push-pin,177,89878.09046206553,67.80970800235652
Computer,479,16110.423063426268,44.05590490363498
Drawing pin,957,63797.080697022815,98.30234126289403
Label,163,42387.85893857554,11.826017080160502
Paper clip,308,30410.303816472046,80.84370675305068
Telephone,607,38965.82099800393,14.777044420185012
Desk,88,80767.44755397011,82.91428365454249
Pencil,720,86688.83928173703,30.490194078639007
Highlighter,597,15951.290775382273,15.257067087312391
Ballpoint,935,30319.288738767904,77.40006996219984
Bulldog clip,254,60305.56087976924,57.42989638198321
Rubber stamp,194,52025.579497197905,98.01263404084348
Paper clip,849,50899.43316969966,46.99476651348595
Fax,981,18336.34568107669,92.70263556454861
Eraser,666,81789.36816954896,75.59961902728931
Notebook,822,57896.649619339354,94.20594053672224
Push-pin,491,89895.11596975426,71.9569715557073
Swivel chair,610,81673.61022899485,95.42167739856397
Computer,426,98292.94731281743,86.95898219045193
Fax,626,70530.15697096205,95.2021214036867
Envelope,15,16984.73656468613,34.77473052366164
Tape dispenser,603,4171.687111188666,24.348652227299993
Wastebasket,620,19219.723805350393,63.70626951852881
Sticky notes,401,46230.01992108251,17.20219078047869
Keyboard,355,47829.868514818154,14.632895348839401
Envelope,246,61326.81167278424,35.3649509229638
Paper clip,931,54494.832573670144,11.017739884113054
Filing cabinet,279,18154.182920163854,22.80413452310771
Marker,66,85011.27901266488,4.940460108583567
Wastebasket,186,24085.405262397406,0.45006078830869056
Label,441,63341.77781937534,78.62561573818309
Bulldog clip,620,26495.424642766156,70.65368379869223
Notebook,976,19734.09021860853,59.3529683693784
Filing cabinet,255,73712.51293149468,48.99980683691792
Ballpoint,694,87861.46813222242,56.17263459698269
Notebook,695,38801.19737906552,86.94074690555618
Glue,405,48199.87430982672,85.34832305448258
Bulldog clip,723,86560.06225779993,95.15206300476468
Paper clip,189,91034.1212766088,71.12594925854454
Wastebasket,869,23257.10788507607,30.400269897886073
Scissors,477,58181.7306508156,76.25868137448153
Telephone,356,47247.57376275252,35.38498466181013
Push-pin,540,45740.48730358085,66.61386576212543
Clipboard,718,96484.4617880879,80.10732190625332
Filing cabinet,954,57491.270778755854,55.418947457632854
Scissors,27,35179.81720491963,65.84558305091535
Fountain pen,993,69134.28377793917,65.9089303730193
Notebook,812,22710.277157459383,73.90574613769596
Clipboard,587,13104.516710948074,94.13826397700034
Fax,812,86609.17357779958,12.549662147919923
Keyboard,918,57918.81822226154,2.9960916776953117
Ballpoint,641,35350.01751038653,30.415709322374013
Wastebasket,961,18325.52642567549,61.82906989342712
Marker,306,17215.033181125375,21.255321587307215
Highlighter,681,25098.86242098346,54.61405751022725
Bulldog clip,754,96531.91479055697,83.41340235234486
Monitor,177,26225.84449766181,41.8030895650221
Desk,305,1857.8429071295257,7.701260373596346
Calculator,384,21402.72454380572,23.167447394361773
Fax,776,17485.51169374523,26.06636788336048
Pencil,758,71955.83403809866,54.22318088411065
Paper,501,92310.16271456816,22.365797236136814
Sticky notes,479,9984.598359866673,6.263986104459566
Paper clip,738,88374.58573703207,37.092245396619305
Eraser,515,57988.67952467268,80.51732430809523
Marker,583,56029.431472752854,89.94241641980447
Wastebasket,401,26810.137259862895,76.2547752772465
Computer,831,39196.04141239254,36.35750354029118
Keyboard,653,27270.037473728546,32.163665936646666
Bulldog clip,242,31136.621038130834,52.645649567521886
Telephone,490,92459.90610126912,89.39595910525563
Keyboard,351,74577.29647626319,23.765250179884475
Notebook,959,78397.4999346688,19.692705262495224
Wastebasket,962,76821.08001612226,29.245122629095903
Fountain pen,688,60460.579891976595,53.18282020782345
Swivel chair,194,33354.28962402615,29.375078448142528
Pencil,856,31770.37034751508,76.58628183346488
Stapler,339,92785.1610974706,42.71104568756329
Bulldog clip,5,7484.739763077555,66.33436278065088
Label,598,20455.06084506949,67.38938292076939
Keyboard,775,46149.5825330055,34.133363713838406
Notebook,787,27063.58008083458,67.83598653883278
Monitor,91,92051.56476314686,81.13952061458113
Pencil sharpener,968,31072.480260205102,48.98697524123226
Fountain pen,702,50986.680741612035,48.17707962693497
Scissors,168,86092.52948185072,0.8560521650660246
Scissors,753,18395.727546669354,76.59394289498329
Drawing pin,125,53991.16446461529,54.540254192469725
Filing cabinet,802,19320.8342050516,82.0745434863675
Envelope,672,81443.80342671815,54.49417719877572
Paper clip,39,93129.97695580867,34.482146921145706
Clipboard,811,47638.44569820379,76.94727338062599
Fountain pen,566,45446.94742553502,84.18921440796797
Eraser,595,77865.75006902944,0.19984273018012566
Push-pin,140,74511.22691746293,63.959286626022546
Fountain pen,535,6495.985630498689,64.73222150281555
Label,998,63201.16452535946,26.135318958050153
Clipboard,717,9816.690555632153,33.79605533117184
Folder,878,83279.98728263013,84.48857424090787
Paper,479,13824.801822601736,65.14294214258571
Wastebasket,860,54242.72010492876,83.93876686091392
Highlighter,974,1513.6768944856524,8.749145897147525
Keyboard,571,41763.43405781428,54.346802391458475
Calculator,453,98300.67442969735,55.28823359277268
Rubber stamp,103,85012.39883413161,84.20822846025597
Rubber stamp,121,17713.38006547869,69.10142446691889
Clipboard,822,85476.12519169942,19.328753368390338
Filing cabinet,235,15640.496593563996,89.74252721634448
Telephone,823,78354.78890430742,82.51577987910736
Calculator,135,18113.361783291228,23.748993859000837
Filing cabinet,838,84118.23909992786,77.73731575999004
Wastebasket,209,30865.90185846493,41.38604967166058
Envelope,202,21507.789483963035,73.17344258986192
Envelope,451,90404.55159724345,52.072823828374545
Marker,556,14685.759308601611,35.59454994417643
Ballpoint,17,88362.58041429665,14.738262851540073
Highlighter,378,27357.784801230348,1.5035924002060315
Tape dispenser,37,69331.83074350773,57.29931226178595
Ballpoint,898,74217.44789856893,66.053981685055
Pencil,915,31705.594345077094,45.10508013610064
Label,363,83871.41770058793,31.058914059980527
Pencil,987,31170.350671559285,17.539988927946588
Envelope,576,40696.57013711145,66.08233787334792
Monitor,42,21471.837945771484,12.621606384862682
Ballpoint,580,38538.8119857743,41.843471308300515
Eraser,804,17474.373827622043,7.076896468938452
Fountain pen,212,81933.7026416585,54.816749567478084
Fax,381,7733.337541305215,77.69902279550634
Eraser,793,52244.0622261817,5.827034898192093
Sticky notes,914,88331.52930874401,35.44083499718388
Rubber stamp,703,1213.5447296722532,1.322794894161828
Pencil sharpener,193,20720.241751320264,98.99173020010488
Bulldog clip,983,40007.83641950357,65.84138125224943
Highlighter,436,76053.74376226135,48.08260809889898
Fax,126,87147.08556005341,75.54045409555059
Drawing pin,974,86297.985194156,38.36576135648369
Eraser,71,42673.71655723292,19.526171141588087
Filing cabinet,414,88408.65871608378,5.13912510150079
Keyboard,27,59758.67581738056,54.541871433449955
Telephone,73,27085.085477028588,87.65990735764117
Clipboard,768,1189.2461671961012,24.674127093088646
Wastebasket,806,21502.758670551426,42.44074548662707
Label,530,15901.368841260533,62.50848834042519
Pencil,377,16552.703296700056,73.7164737526429
Ballpoint,32,63219.413219535025,62.529661905624955
Calculator,943,5443.068759784865,64.27769136917136
Desk,52,26361.547441698982,52.25388272907171
Paper,797,54737.21741031245,41.44458910209577
Keyboard,332,66514.32904817689,17.622582177237025
Ballpoint,579,24451.74618510692,44.52207039466498
Ballpoint,103,16810.68845511666,70.61285946200869
Calculator,891,80733.76447331395,58.03123798995357
Rubber stamp,941,13052.70487091238,66.97936935273854
Label,940,75366.36429943438,53.234651526639084
Telephone,808,2661.853860058954,89.2670696339024
Swivel chair,407,63034.05275541929,4.673252502165617
Computer,652,7459.843204062436,40.99348864213246
Keyboard,357,59562.56304032437,21.868217399486507
Monitor,75,59657.26034021005,5.095946680687295
Swivel chair,784,34963.18013928946,7.458831710504395
Telephone,4,23731.088775207423,95.15102731216948
Computer,7,9703.026878126824,0.4721009992489633
Drawing pin,485,66834.98833677144,67.66636842354814
Notebook,933,36416.20845166907,24.938181363253165
Envelope,646,46869.82492346112,81.84336826566724
Paper clip,142,36852.22189939181,32.9910247546664
Bulldog clip,324,96122.92816357629,60.93550965275157
Ballpoint,242,19181.27048255807,26.92312806962364
Filing cabinet,637,65677.76726884817,31.66489965882764
Scissors,293,47652.02342551844,23.99752078108393
Swivel chair,845,73650.80002569867,37.098286098824765
Filing cabinet,230,49754.04366034375,9.512085872369395
Highlighter,766,29377.05164759524,61.30595745264788
Rubber stamp,950,89225.85554213019,43.415688562104876
Tape dispenser,887,8133.574861745521,38.11668187827627
Swivel chair,269,15496.284442623912,63.349656696275304
Highlighter,98,94198.51541587744,51.698000909066536
Notebook,369,38613.51250897741,7.646093309795225
Desk,719,97612.45748150286,0.48583875758901174
Bulldog clip,296,32666.60426493241,13.780512354949769
Pencil,626,75114.97854556669,47.489217324657695
Pencil sharpener,834,35267.03658510603,64.57310091252855
Pencil,730,44283.69346804696,76.68530380526191
Marker,246,10560.411463063128,21.838610602462207
Notebook,880,99642.13441966347,31.13424006796357
Drawing pin,49,64760.132975824345,97.11613649144056
Keyboard,529,60377.65184812982,8.119195107625728
Clipboard,856,15544.522027733472,57.76510994234866
Calculator,378,43457.83095184375,60.379436284373185
Stapler,757,54839.76724247613,2.8822156445615144
Stapler,138,59501.13247600612,46.3647605913174
Sticky notes,186,87333.08483107555,63.030898642964985
Envelope,713,37926.152016138236,54.36274911187915
Label,844,79459.73889880822,72.36505468003739
Rubber stamp,69,77556.68809273423,93.82955844860281
Pencil sharpener,27,96849.52105483926,94.36408461911839
Stapler,305,7515.289429160844,42.02069675479378
Paper,322,67948.34911064988,6.031125400563833
Stapler,278,34564.827438579036,54.821387993950125
Tape dispenser,14,96070.68445562063,8.197276144936076
Telephone,92,26460.810681218984,15.36191736992983
Eraser,745,91074.94454771401,39.91889897696409
Keyboard,126,68741.69929588503,57.63716255276446
Tape dispenser,455,19199.717256713167,1.8998245290540534
Eraser,928,61655.2596030731,73.08497958066316
Monitor,776,69784.53435296209,20.728969652967347
Calculator,717,3906.1780757516613,57.43376161915001
Bulldog clip,60,67712.56585575272,67.74890016205083
Pencil sharpener,11,68571.80160336412,70.58301286374258
Folder,594,98959.76304550304,7.786833594212691
Fax,173,55076.45971556272,7.874402053027181
Fountain pen,754,47026.7529203348,73.13702769041974
Wastebasket,956,43534.2135597998,95.78016729485458
Drawing pin,421,27051.8318619765,61.21445865128623
Paper,745,75429.47083384756,90.9976238486308
Pencil sharpener,226,40340.368612049504,5.603603020301977
Fountain pen,617,68213.8774467361,55.62513028129456
Glue,94,61988.627829530735,76.08836095786599
Pencil sharpener,46,62965.60777875317,10.563723037019367
Clipboard,470,53020.41704861761,10.78577346092372
Folder,397,63949.97275726902,45.41064839661181
Marker,544,54140.829747734235,27.27153824998307
Tape dispenser,836,8121.713058714923,68.58754321796181
Eraser,854,27136.14349725735,90.35469806107076
Ballpoint,672,52057.536660571066,34.966354478523655
Folder,458,55656.78140846062,89.70119576280537
Fax,512,61799.66000233351,87.87026236908157
Fax,244,90111.98480301951,86.96428953134114
Keyboard,870,20833.14431363148,56.820657698568894
Sticky notes,697,93245.11202303317,39.98565186327248
Highlighter,158,46462.75224284502,46.10622337887408
Ballpoint,146,29095.996502969912,53.27978212993636
Swivel chair,148,39473.10392123082,11.707176470658467
Pencil sharpener,29,20782.06683136387,5.176653498586113
Pencil sharpener,251,6892.073137812782,65.16490498728861
Envelope,109,16975.760900280693,13.005622533540091
Paper,192,46453.05737806983,12.724846089350617
Sticky notes,96,23127.22039367404,24.647624049353077
Pencil,275,1982.7379205393333,3.6516115407729988
Bulldog clip,30,50525.768428684496,0.5365383366342081
Ballpoint,358,49299.14709047135,88.56831086141668
Keyboard,85,64527.174309101734,48.827031808421516
Ballpoint,694,84375.59603551483,21.000152935633352
Envelope,46,93126.88938190039,16.80876242685515
Calculator,582,2344.454856406911,56.51306208628533
Clipboard,468,51437.992520153486,23.295871209374756
Ballpoint,225,21774.724287466444,34.03666144046074
Telephone,109,90881.70936057574,56.58059708928681
Rubber stamp,467,43912.09794291993,39.7046023922357
Calculator,427,38590.5770888831,47.68199045327954
Wastebasket,320,20331.853726157824,43.44983955467244
Clipboard,921,77246.80684618127,59.11813204946563
Computer,3,6616.5403603642935,81.47039899727773
Pencil sharpener,77,1691.3477355868922,40.060571206851606
Pencil,440,52812.993217563984,21.710215644610035
Computer,39,17847.962102240817,64.78516019840104
Wastebasket,238,6858.774706425015,9.495295736141141
Drawing pin,551,74887.85741791554,66.543229897384
Envelope,753,61816.91253760682,18.076328267907744
Monitor,84,28369.199566133222,13.706428854134737
Marker,863,13070.142165986596,8.495594548386071
Rubber stamp,393,49561.78825720973,12.848201412721595
Paper clip,885,61416.032922302315,2.055027285180066
Desk,409,93751.31964088642,94.44662993648221
Monitor,683,20639.199338950657,29.060699881949095
Scissors,375,40437.410300533695,68.09730203054673
Label,430,79561.84465002923,38.01158522282573
Sticky notes,652,70031.34157105371,60.82544161094868
Tape dispenser,708,32087.23334887848,53.74510688217284
Calculator,450,48280.46399082695,60.800135162656254
Push-pin,876,41136.81622713869,17.873169590391868
Glue,870,32632.67603208723,17.724255765309714
Tape dispenser,218,44565.4543824741,91.47605319086814
Envelope,547,53103.38996687635,26.764148551112452
Calculator,72,36227.29078938971,60.29850072228272
Label,849,86634.13866769653,95.83289231752403
Marker,743,17400.234692300273,77.62294862224631
Stapler,91,50162.69771045116,56.76877456595429
Sticky notes,613,17152.000558192554,4.058221024010373
Tape dispenser,731,18819.978498925284,17.774170158955965
Keyboard,137,729.077179605976,44.00704274114962
Highlighter,432,73851.43027005452,18.363964135008988
Tape dispenser,929,18754.584796541672,55.1505453670173
Sticky notes,463,11259.298465996959,46.0988522655752
Marker,19,55846.74739473429,77.0772314292302
Clipboard,150,38489.072594929545,47.12237354791635
Folder,135,3700.4768449588855,2.498992440288535
Paper,525,80678.51769955987,85.71380398645778
Envelope,820,64248.84817186972,65.91355361856293
Tape dispenser,799,49418.95409840321,90.89095374902645
Tape dispenser,56,38003.28688992848,31.298214850573114
Ballpoint,220,99004.61674229299,77.23972062316565
Keyboard,804,55479.34287154841,55.599290225922104
Swivel chair,890,21800.973275661818,56.59780716554658
Marker,815,51710.2839022056,94.76565921029204
Ballpoint,533,18996.864416209875,70.50712459713934
Stapler,719,93706.7564887882,92.27947438443735
Marker,251,19178.79797427151,91.17560517592301
Filing cabinet,644,93221.19562564694,54.890651722222934
Monitor,642,27204.73711546013,30.371047353996484
Desk,80,52221.511128373924,15.79237198741243
Telephone,122,7693.255576534931,3.016275410758007
Notebook,990,83110.87490931341,19.86733561502174
Fountain pen,394,40592.66188009065,65.16241398161844
Desk,764,85920.33336414768,35.85080937916193
Fax,86,80846.25535311608,25.849592326497163
Fax,691,17524.265077916432,11.786984902370778
Highlighter,470,7650.494399726606,66.21817446564448
Fountain pen,272,3663.03440327104,41.706492438937126
Eraser,641,60527.485210239116,1.6540412795877788
Push-pin,475,72817.25901435976,64.50670067105635
Label,811,16290.645044170042,44.939626138061655
Wastebasket,640,37558.13490873018,60.95891428380926
Rubber stamp,472,51382.71108530265,91.96724699485432
Filing cabinet,350,46148.9345248038,4.55272083184748
Paper clip,184,44925.41870116404,69.50016473425573
Paper clip,715,35867.971831443756,91.58534722331663
Stapler,219,25212.603098847303,83.2499715036866
Calculator,265,2594.237671598684,8.473475316565315
Scissors,948,31815.3716571403,21.901805057220912
Paper,634,44174.26418331984,97.88305412314068
Filing cabinet,782,2512.197679697793,53.805010866641126
Filing cabinet,128,5962.004099434807,28.888631796824505
Paper clip,689,61545.014131127704,63.58634930535605
Eraser,474,9765.384077861123,38.91272461400591
Fax,47,49445.061602043446,82.76898847343884
Glue,694,813.47849667953,39.41167190725975
Push-pin,273,60142.864440234174,58.92439389352039
Fax,296,42163.46684963479,76.01815792374495
Sticky notes,492,81533.61724833593,24.49962586177617
Folder,485,82318.13366833288,91.67467790844492
Pencil sharpener,996,98955.81114813723,31.30921893844925
Wastebasket,26,12746.535968238491,32.88869160743625
Desk,365,4924.267359700357,25.256650183950594
Paper clip,85,83166.12085919997,17.655733512132073
Desk,63,58294.9037621256,93.29317488153706
Fax,876,84773.54671729586,60.131393250007655
Desk,934,80738.55182749641,86.10640627762629
Bulldog clip,667,40664.84244583571,88.99565229643076
Calculator,229,55185.20807533382,76.00849030237988
Tape dispenser,340,2661.0371596509603,38.60435246422357
Pencil,568,18991.597498517505,34.418686777207334
Glue,578,59117.578174976195,3.86049015681803
Marker,261,85202.4047796206,39.669082583344405
Pencil sharpener,74,17452.62269807404,67.51437163765516
Glue,921,13822.580579371821,36.83891865701698
Pencil,178,14070.270784688959,45.15456384159052
Paper,89,67716.94523650919,2.3496856613239605
Computer,854,82157.30726237876,80.26845331227263
Swivel chair,435,56869.93042702076,61.02438903646022
Fountain pen,530,35522.10097220786,43.34667176673965
Stapler,1000,95018.6612081542,83.90411121049875
Calculator,351,34110.45285999444,63.57967875763693
Clipboard,493,32341.197478047514,98.16046806046778
Scissors,575,80621.86128225543,79.73006497293859
Telephone,772,81190.10211088076,67.91818903387005
Pencil,663,48272.15801275956,51.733427943606074
Monitor,2,32212.013413351804,94.42489255202405
Clipboard,20,2178.496944207047,75.30761382338171
Desk,118,91481.46693733978,0.1387215434142014
Paper clip,372,46637.8309734192,23.465686631134144
Wastebasket,504,31172.036026412054,5.167193575227205
Pencil sharpener,997,84490.06436680692,2.6066271183558363
Notebook,471,61237.592355835484,95.69010039853407
Wastebasket,583,90270.74743174495,65.05907839474963
Scissors,818,46721.60643300353,55.727450552649884
Label,524,985.2021056326192,26.57682690908529
Label,329,79111.06772299997,14.95655379172363
Rubber stamp,952,81784.21805637548,24.073684581920645
Marker,660,45088.34466270269,50.115766928585394
Drawing pin,631,27758.695120710065,62.38218222847914
Marker,353,57153.44358455529,13.662515643764719
Computer,793,23258.644494422708,2.118806160856378
Folder,695,57452.22199663446,47.92513208907123
Push-pin,719,80648.77368344802,23.757201385381965
Highlighter,153,13168.439038964034,98.9327306246443
Bulldog clip,248,74360.56486750946,16.019829067822236
Highlighter,802,97721.8922848213,87.48662532444692
Computer,311,69534.12048857078,78.8752552686219
Computer,886,74236.3014258775,1.6274979057745191
Folder,402,48537.11612836529,60.22328590624417
Swivel chair,881,65836.46172639856,74.84285250904207
Envelope,373,5623.474335386086,50.45607627633366
Ballpoint,239,5303.695721732314,35.69240150611522
Paper clip,79,86148.06346920552,27.071512363657924
Swivel chair,597,16052.922037127568,3.2831912164007235
Telephone,457,25452.633719004163,72.93635251224951
Wastebasket,507,65445.83650349702,1.609629422899009
Stapler,292,32320.14451340441,58.610919249788246
Fax,740,50884.0425515923,50.28470494761324
Highlighter,839,93736.37850242997,0.6471900374880644
Paper,712,84513.30976294042,92.96908014590352
Ballpoint,416,144.17967820216455,37.90642566384454
Bulldog clip,702,42613.042697636185,76.81418906748308
Stapler,107,87910.60458349777,69.7323302342302
Label,543,56398.04364637306,14.027161700970879
Paper clip,292,31145.010240497817,23.797675983672896
Marker,550,1181.9584481184304,50.88549615450067
Stapler,120,70433.39637296235,33.89200877926836
Highlighter,320,54517.18217853375,9.30530679241492
Notebook,136,27147.006988021214,68.02384824866812
Monitor,410,34778.577175321436,29.718728725261286
Glue,266,63052.61206820401,63.38533791930792
Paper clip,700,28049.477972348817,97.25030496145347
Swivel chair,3,80371.11772406075,59.87792703246205
Scissors,638,22566.80195240895,40.96296541142499
Label,376,85532.79857994335,6.936155133969174
Clipboard,545,71700.85369544859,55.29980734329168
Glue,117,58332.251112844104,71.71932258846572
Pencil sharpener,581,24569.14829660499,66.36574747563759
Monitor,585,27590.02378476259,76.83232961922243
Ballpoint,11,54369.96169553156,52.139159006997495
Pencil,541,761.8016025159056,87.08066490163884
Glue,463,49785.9623431012,51.80764334815099
Ballpoint,246,32867.04832228785,76.2408528877653
Computer,827,74136.73886607082,60.316128576941296
Pencil,427,40534.30445613428,57.71740780238994
Marker,829,42200.60514756965,34.746989586907006
Calculator,696,1694.9498013218808,87.65870952858018
Sticky notes,631,46764.43735707538,40.79718777952518
Stapler,667,86294.23231739865,58.35038820784492
Paper,249,63864.65833423536,17.98031937565627
Fax,122,74455.51131394201,0.8977196787793872
Computer,889,34879.59746446109,98.82452494759784
Rubber stamp,933,5576.0651523889455,92.65957024260635
Desk,658,65897.03142166793,2.295444606600614
Filing cabinet,296,18634.088414438083,38.54373629233959
Rubber stamp,949,38136.799515400715,42.09255044853535
Bulldog clip,458,3860.6067477698375,62.167868589766925
Monitor,543,99934.06691014282,90.90927704192029
Paper clip,715,42186.78316246106,90.00025713293203
Pencil sharpener,745,25712.120459213515,69.49619940787939
Pencil,118,8193.03514482057,34.54190511415604
Desk,545,20039.237851634745,30.802079935799018
Eraser,878,99355.210929315,50.2521823556421
Notebook,44,86257.38040034115,15.271516925871556
Paper,97,65137.6488932185,19.826361891727927
Swivel chair,117,54751.297783793816,60.8058119975967
Folder,775,25213.729703081106,64.94087494643486
Fax,206,42061.349013388535,23.537417323740893
Push-pin,829,85729.15479874374,27.753930390621083
Tape dispenser,963,95625.4959231767,56.850328159502716
Marker,948,21856.430597507515,7.885924052650767
Scissors,236,90580.57225678008,69.05255333307703
Tape dispenser,68,84653.8773699781,11.129863639697206
Push-pin,988,44444.2475438969,63.68526325889846
Paper,722,183.2433430793329,47.356358130223896
Telephone,794,48392.80581915143,97.11808186185716
Folder,571,32442.373645038297,21.92031366280212
Swivel chair,969,19168.17042531903,48.24022830416398
Pencil sharpener,554,54501.879546764256,61.79374433554671
Telephone,749,27393.359641375242,64.53610152933759
Scissors,180,96455.07008779446,62.803076513401365
Folder,623,20190.665088642312,67.08623051091237
Wastebasket,377,16.639454559462283,39.705917534608716
Eraser,135,98108.10648142594,67.31585816070906
Wastebasket,715,53022.18934271024,38.83918713978756
Notebook,148,6375.7606863307055,40.069042126369446
Fountain pen,36,16773.86196900911,63.148929473755686
Folder,779,39206.022963685406,0.9348746562815112
Stapler,580,43456.26531023107,13.71217708648007
Fax,970,91654.90188603691,24.703929089037498
Pencil,475,61685.533974672435,76.56895308803061
Envelope,842,42894.96105410728,85.31072256128319
Marker,582,81065.62018889035,57.92641438602516
Fountain pen,625,19962.640950134835,86.23377826380995
Tape dispenser,407,76993.15816405253,54.786614369633455
Keyboard,469,91159.15934266792,57.56676297745576
Monitor,955,65596.87158302503,15.216628726065013
Filing cabinet,215,59984.01200059916,55.216455206247815
Desk,183,27669.254485863745,39.379591848249
Highlighter,254,62831.983401064026,55.091703627273276
Paper clip,774,45547.64638752064,37.21141331399058
Label,472,17065.040700939724,44.90133990001297
Highlighter,729,60423.231240285546,40.82464029808025
Telephone,884,64143.46547609581,62.20547139922108
Sticky notes,203,23431.10655059827,26.088860764882106
Highlighter,682,37081.74005859969,96.95631452028583
Swivel chair,356,91315.26412250711,33.69243824875419
Bulldog clip,784,97876.28808208239,64.25219456966438
Fax,698,77678.66076798715,68.01965177998851
Drawing pin,89,59578.43142289659,74.45831242570884
Scissors,335,48321.406496424424,86.33098635228295
Paper clip,335,89986.53091072847,19.499014447824862
Pencil,593,19979.220323516616,52.006247266903465
Keyboard,446,32521.89704884618,31.875307321024763
Envelope,269,33441.53143819726,77.65679869060155
Drawing pin,539,29144.37347345964,97.93822776487278
Pencil sharpener,119,68094.44277484795,82.61014086415453
Calculator,894,15865.241210317767,59.521348953434845
Ballpoint,726,93349.36561971995,95.21339404109519
Sticky notes,746,83341.26622765485,76.26292712380888
Glue,84,61482.49304073894,69.06226931554674
Tape dispenser,792,37974.08639347043,96.03295326149731
Stapler,119,42877.98239973306,45.555106152089955
Fountain pen,379,92003.29439665117,49.160047022817324
Clipboard,354,90010.6087211309,86.80925958609674
Pencil,912,12477.234284311658,17.84979484006272
Push-pin,19,52322.50639420796,85.16374865811255
Calculator,282,44673.92957995383,69.76810538197228
Pencil sharpener,714,14843.295271524908,59.79807519166063
Paper clip,556,22811.01307746934,12.281975745181533
Notebook,952,85931.6410991676,97.35188797522058
Swivel chair,344,8837.990993935477,36.47280847066382
Telephone,357,88340.57315488331,68.9656582083029
Sticky notes,715,50733.03344186687,56.38539843260575
Label,684,60421.36721561171,84.81929044825881
Paper,27,80381.49097650526,66.28760529961133
Glue,790,41926.281104296264,22.285526903442022
Label,409,90239.15183420005,93.57553949253501
Paper clip,895,57081.71960559588,61.23649562244322
Fountain pen,212,95815.03244306409,28.349798200291264
Marker,707,99615.28767283271,27.7018299734309
Computer,474,33265.794154698255,7.434494069472408
Ballpoint,49,52675.98067278372,30.13730801308969
Push-pin,723,18460.43794241445,61.34509895653404
Sticky notes,998,29996.68903997915,72.92636956011904
Ballpoint,412,46254.92060218226,54.498115095834024
Swivel chair,40,65357.57182233743,38.70089412500599
Paper,355,82603.80616583306,22.919914914085922
Sticky notes,522,4611.566084158421,23.58307561151017
Filing cabinet,440,6072.921995820579,39.49949645445355
Scissors,852,45002.85857300801,4.410871061405416
Tape dispenser,629,87926.72190421335,86.1151253644996
Envelope,422,94573.11213363496,14.556552616672745
Paper,746,49106.52759680295,17.860597991953338
Bulldog clip,790,80094.3661696013,73.40266137348293
Tape dispenser,353,2725.5700290502123,97.46000872311309
Clipboard,459,48082.37850229945,87.8606133797669
Drawing pin,81,53583.38459771384,77.56901352941642
Glue,857,39718.20927336146,84.32376848025504
Scissors,537,97731.22964378049,38.92468471222647
Keyboard,543,78914.9572606385,70.01872696166515
Fax,935,28950.10071926812,46.43456584798
Ballpoint,211,92218.78968098723,91.54090799545811
Rubber stamp,957,70079.02338101216,96.76158931868369
Filing cabinet,87,36309.0157380857,94.63525453412753
Stapler,92,78447.54682812725,67.0780642312887
Notebook,406,25956.04969899603,27.215672299915134
Desk,751,52760.00314689847,32.41556506795702
Desk,191,8796.945527587766,78.00375288900239
Clipboard,626,94921.5473591571,94.70542203234942
Fax,581,8205.08644000287,45.43682086543343
Label,78,54948.49854553941,63.64162572587764
Bulldog clip,115,32974.84710507277,84.4502088445038
Pencil sharpener,47,73572.59162006529,1.2923115102074265
Fax,28,6317.0821262749005,4.21806931583062
Envelope,98,46994.08004278148,31.306027909501527
Fax,62,50474.354709208776,33.50441823455183
Scissors,252,99028.4916104138,65.16337089699775
Fountain pen,8,64036.185576365606,39.93682792765953
Clipboard,876,13406.270625675597,69.41877087273409
Folder,168,39897.51141520921,20.27449923397813
Stapler,996,97796.80202550445,5.200321741567387
Highlighter,983,20700.415263047347,90.74732003812778
Rubber stamp,90,36668.05364176644,3.5649597740164447
Stapler,128,84828.7513511191,88.10618523638054
Filing cabinet,271,73834.18916219787,46.52224061470194
Calculator,177,26961.78352319236,32.228207151862236
Keyboard,367,15256.32739250382,29.932930274180436
Eraser,67,74317.79584233377,61.731080478420964
Fax,478,70071.00387136116,20.058590225564707
Paper clip,191,50365.28980770091,87.67212471295532
Clipboard,960,26757.51612948614,36.8323727701481
Label,588,49496.43677276738,96.85295784458582
Notebook,702,2242.466519024495,72.97336846548642
Fax,714,23495.030314557524,86.1759117989506
Glue,24,40061.78178615752,98.95007523945709
Pencil sharpener,624,52561.477098871226,58.179817866594725
Rubber stamp,621,18494.488863046125,77.29877844473688
Calculator,596,19788.098959907657,74.08941636379411
Wastebasket,592,19838.989867673157,25.802133286186663
Tape dispenser,220,95480.61029869471,94.95674633058752
Drawing pin,309,86161.11866783138,40.09917960613875
Clipboard,500,54664.02578233508,47.92698235821111
Push-pin,464,19279.670541926105,44.313411192540386
Paper clip,862,2664.4737808869995,10.872763585731677
Eraser,952,35972.08045000032,5.577209004459165
Desk,322,86020.58922905278,26.198500171836663
Pencil,745,83563.29000640765,34.29422721942664
Folder,577,4004.3516857784693,68.11519447721231
Fountain pen,809,59659.75346252933,2.2128851668687677
Clipboard,56,12983.472256401661,66.7655454907553
Label,901,77796.75405131716,65.23569188671631
Envelope,328,33114.03393226523,73.66380415093316
Filing cabinet,6,24253.11598369518,34.70342616208871
Swivel chair,265,3929.1854063220594,88.24517400717872
Paper,83,93465.57296019173,21.014205865376475
Tape dispenser,707,86544.16844926751,67.56418533240318
Fountain pen,2,37845.78985033527,47.90182525425246
Eraser,81,81188.7490692189,49.89371605013745
Desk,189,10346.216293188927,81.33300600511649
Paper,456,79998.94288873841,28.54046545423018
Notebook,264,12389.255153189906,11.57154544313559
Telephone,79,57261.56700875326,9.284139448275132
Ballpoint,114,55803.1253163084,17.496935731577146
Scissors,748,12157.849609679588,30.065357934324833
Swivel chair,520,56104.52318686599,11.697221434096205
Marker,646,30596.804999544824,80.97458921148275
Scissors,154,76131.02226677038,75.33903610840329
Folder,520,52840.63218970057,91.73869014067454
Marker,587,84458.03835340794,64.96287724409443
Pencil sharpener,618,99983.65471866308,55.463634439874106
Sticky notes,973,81281.99374124859,6.260998224659263
Notebook,541,8463.661621507461,1.092272112177102
Pencil,205,10630.062758131306,64.16333021487299
Wastebasket,7,38156.295878539604,40.26628532060805
Eraser,172,11915.346020664856,97.70547939025182
Rubber stamp,693,12506.257933004807,19.864974004332872
Fountain pen,728,27995.502760557436,43.62840500008245
Telephone,159,91944.63706557176,72.85051857895435
Notebook,31,87544.46220811369,87.88758935366823
Paper,688,90188.48480027863,28.666587979158187
Sticky notes,461,37121.70637819503,63.68768376548548
Desk,161,57202.77284054054,40.77608072685784
Notebook,887,10401.128223432073,89.69671593368571
Marker,220,71638.46102177403,40.96468002100932
Pencil,475,56073.328929548145,87.26923253797199
Telephone,476,67346.1731533504,72.69833582528128
Glue,207,92016.8914184822,72.9084307188727
Clipboard,449,43810.50777651064,89.72239573761233
Ballpoint,359,10259.999351730617,15.860781921469163
Pencil,876,73766.6371820044,6.930006861963018
Telephone,183,87109.28532773867,80.47204023261244
Paper clip,741,96204.00499701453,39.64117390617151
Stapler,244,6040.282130870663,29.564104632927613
Fountain pen,750,9831.97853961404,17.902688200167354
Keyboard,315,55720.93406758706,41.64954909561327
Clipboard,504,22638.218149207376,96.77803903767492
Swivel chair,837,40971.770940200644,90.64839373864486
Pencil,432,30960.874086768148,58.78063280332692
Fax,962,11240.528062391772,17.984149415086222
Sticky notes,518,95480.65369470087,31.567616032960824
Sticky notes,923,31407.914643964734,51.505254428759436
Folder,979,48015.298087006,40.36481562444648
Pencil sharpener,393,62433.33258887251,32.112844816816924
Bulldog clip,915,39529.70109688852,28.667366096282283
Calculator,390,2802.490857867629,39.21968339671902
Wastebasket,294,39724.304631833234,47.64860393757115
Envelope,258,22822.518785186414,2.5989671565127295
Paper clip,372,15943.06351534974,66.28869485432493
Tape dispenser,834,71923.40485399793,15.800670237178315
Swivel chair,655,14795.826709444145,92.53407664578377
Swivel chair,17,13497.9620765779,91.04886431756967
Push-pin,787,70982.196129648,34.264232664564325
Clipboard,949,5034.127689228552,19.295353655000635
Highlighter,119,97334.06431006614,86.18042025307768
Folder,202,34941.92863007801,10.961812871482854
Fountain pen,14,20225.74408825155,30.173447156318595
Ballpoint,659,13043.143786975274,89.94904966708393
Push-pin,780,11609.360468562392,67.64121636900421
Filing cabinet,332,37520.90500350802,6.037037704964962
Envelope,279,16049.786833103937,51.71727637788469
Push-pin,556,31059.161352748823,58.13873143130826
Keyboard,859,9820.13718589525,36.47054503005483
Telephone,595,60673.75743030119,8.946575357859816
Scissors,427,59940.90607218051,20.412541366188595
Notebook,65,28744.49837689216,86.2085796695777
Wastebasket,461,85194.72780172985,29.289442289454012
Envelope,234,40414.61653158286,46.81390528972692
Paper clip,826,52542.575033242654,12.027065074838182
Computer,360,40932.00672625473,79.07179829248382
Fountain pen,621,34659.50886063102,94.70618283518269
Wastebasket,408,61425.60194967222,21.385199977318823
Paper,781,44419.12691744504,29.966605649357213
Drawing pin,555,54789.852319134465,98.02266240263137
Bulldog clip,975,52437.39653797124,10.535744962033062
Clipboard,870,11477.506203404737,27.88358608707281
Ballpoint,689,97197.33215763031,54.36232269891029
Scissors,151,13951.861476488217,26.730471030051763
Scissors,425,82545.11379438781,97.8335131957369
Rubber stamp,421,2584.232833309386,44.752571347918284
Telephone,72,34056.02312022989,1.0901017557057844
Bulldog clip,533,36960.25165108354,21.215017868156593
Monitor,23,53087.58120579846,91.42324754163131
Eraser,850,35020.11755464142,32.75416588172548
Bulldog clip,395,97167.71483100303,66.43784667389934
Tape dispenser,146,12784.031777846143,89.7230054039801
Computer,753,97685.37088371046,65.70817242394381
Telephone,28,74192.41663258926,81.07938898601533
Clipboard,535,2111.7416920232445,18.71487113805535
Clipboard,741,41452.33408655585,12.79411424871499
Folder,716,46963.41978745412,12.474913906480657
Rubber stamp,297,23860.764244356662,66.04694245516872
Push-pin,839,99544.3345500407,10.276764439137828
Drawing pin,258,31384.05161708289,69.28852481524281
Filing cabinet,959,92641.59887106986,18.948197748048635
Pencil,617,16018.857882772021,17.08747391581437
Sticky notes,73,25103.602241722892,49.58570559674251
Filing cabinet,90,84991.31547323543,57.313147159671736
Paper clip,963,99932.53811143186,71.36081191551403
Paper,902,55129.1795202904,71.99103580189426
Bulldog clip,843,72699.30064594033,46.79784011398573
Monitor,139,67631.6126578542,78.50319475315641
Rubber stamp,339,25294.937035127485,43.84493638443334
Telephone,983,22441.171683633016,19.72463982038582
Highlighter,944,86920.14667018031,34.99857130154724
Monitor,412,95495.83244810667,29.86218158383328
Drawing pin,918,12012.413410802586,75.36083718673547
Sticky notes,460,48962.17264706783,10.952206198167662
Clipboard,54,48506.74596183986,82.20772239981235
Clipboard,406,3390.0190623442954,74.89445210243785
Pencil sharpener,584,46621.74988291945,80.86099098157204
Folder,764,31015.57137392177,71.50049748475803
Clipboard,424,10296.509647531926,45.08289066840686
Sticky notes,244,50470.50136882238,69.203635419394
Tape dispenser,178,22778.29074114796,56.36418152219796
Calculator,666,5670.731243064347,36.09380403847415
Swivel chair,349,69126.55081510048,35.46024026191688
Desk,94,22069.16039706742,98.75111730659268
Ballpoint,804,32959.48282655601,25.772614400931005
Tape dispenser,74,43597.041876471085,82.23680527185347
Tape dispenser,399,17239.740634501333,71.26589305821007
Envelope,845,93166.69300461547,50.47761884381671
Ballpoint,413,24302.592930546565,81.96898664636778
Paper,299,76252.98222216153,13.019096349336467
Swivel chair,736,63865.36606834223,9.390849596555112
Calculator,781,82239.72390432296,21.560247245110034
Computer,385,27714.692702674947,25.343329506741867
Folder,394,23256.729668694676,1.9469892662342616
Paper,278,3109.6211831706564,17.86147604075744
Eraser,713,91661.86513954612,73.48349276410238
Label,301,34847.77146262315,52.72163778630161
Pencil sharpener,580,62489.045409131366,17.000514742171717
Drawing pin,707,86381.16956971351,83.08797676181302
Calculator,695,92205.97700918595,98.732887924989
Pencil sharpener,20,98136.69546166359,80.92014523156392
Sticky notes,403,5377.512991277349,77.76164037045113
Paper,794,70679.23907632628,56.69806581790411
Swivel chair,748,67493.03242568449,20.914116179109865
Scissors,341,96570.64000062725,18.307378355490602
Fax,497,15665.609102821518,38.63961411199345
Fax,988,96755.0836069571,53.74426016395787
Pencil sharpener,528,98111.11773496629,69.30921525836816
Monitor,785,52831.17391510187,75.67344239936641
Eraser,996,41940.91776088659,9.286037593765805
Tape dispenser,34,90056.95769142994,13.412133781150084
Folder,181,45943.1662154831,39.17305502258407
Bulldog clip,832,81019.30569529044,69.12930848009339
Calculator,54,57260.37024517542,4.30315830243401
Desk,311,45975.428059257574,78.36642968948863
Eraser,335,41440.97584432195,66.8405827907927
Fax,793,98208.46550086045,73.46558318586231
Highlighter,478,11290.234655819395,19.289663045493697
Clipboard,774,13806.42879765943,6.304310229883858
Eraser,582,77292.34820253412,85.42003303555829
Desk,851,15353.568192342525,55.05677170303646
Bulldog clip,450,30376.986714360868,30.599703449595864
Computer,341,8233.104799806528,68.015670589844
Desk,476,17034.43598389164,50.615924361385034
Paper,182,17278.854959954122,83.66154755875783
Clipboard,967,54646.84442150669,27.49776524585274
Push-pin,785,2375.8054217564386,62.86998922666255
Filing cabinet,957,65063.31474521325,46.53303113047984
Scissors,734,94029.09471037991,75.23623718109815
Rubber stamp,676,29356.792915126043,26.755249763440954
Marker,902,30083.299348231143,93.62174552272124
Pencil sharpener,600,33800.14817423815,49.456384936691215
Desk,785,66283.59955838419,51.228109396516885
Tape dispenser,185,20451.731652403454,70.33057004123457
Pencil,142,40190.04538989997,29.164465411232065
Paper clip,406,13581.121210057998,15.093554408484733
Notebook,413,15146.395236987708,36.10690132897708
Folder,981,48022.26539015422,7.2012941362625496
Paper clip,371,22324.876951284474,3.995639507854552
Drawing pin,628,1215.079921082068,64.10670663733868
Sticky notes,612,82214.77819493783,11.240113051307445
Paper clip,136,6227.840662881737,85.4141917908742
Folder,645,45856.95331822646,47.08050204366788
Filing cabinet,158,52661.754467962455,11.720844914557436
Keyboard,808,96966.91759458382,25.53222566605454
Fountain pen,814,6533.761282474594,65.51160057424217
Paper,274,8682.213361229631,72.05774634140097
Stapler,550,74383.34601206513,45.02940470718232
Wastebasket,512,21503.70055665183,30.717258542530637
Pencil,126,40110.74053295263,8.97823535025636
Eraser,570,20582.654878939993,72.89215043001298
Keyboard,369,90411.10953711729,55.42697293122101
Marker,596,18358.912128689837,67.50699720339153
Bulldog clip,793,57524.9840096266,38.78340941753363
Clipboard,201,82645.14071267517,32.792363448914465
Eraser,34,50794.77736921697,43.35725319898897
Tape dispenser,63,20160.059304710245,57.17706345458522
Computer,201,19738.73970895119,42.734321616619305
Folder,252,63267.120147599,28.020674398405056
Envelope,349,93812.47250710965,34.00988278164694
Paper,647,25039.210339862588,44.910109167577815
Keyboard,865,595.1939388760225,72.24843467072748
Keyboard,367,33708.40643545241,32.86277693266609
Bulldog clip,539,8937.52687669108,53.88809900778798
Clipboard,508,99305.97957740046,3.7090947659145397
Fax,748,40030.963675827166,8.292896107991828
Wastebasket,213,47790.451764683836,45.33586371065753
Fax,292,60649.459000580384,9.404465513385947
Stapler,939,77349.37415836749,4.115739607577371
Tape dispenser,426,93007.09406096648,86.2738667087933
Folder,876,73557.8591344287,10.473689831402554
Filing cabinet,480,69260.36995874371,77.50729983829963
Marker,210,61881.3128998853,1.1233900930951055
Envelope,378,63206.60546237173,75.31566825518186
Pencil,305,31182.637291507563,64.75104497190749
Desk,218,86458.85642038586,71.7235227467005
Swivel chair,314,89243.84474760764,80.90137582257303
Ballpoint,462,27108.29404326203,83.63490732284248
Push-pin,239,64249.803630423994,4.489478969778336
Swivel chair,307,64666.34956934822,50.65425928347605
Marker,356,47731.97556185949,41.03774258550721
Scissors,331,75377.69079490259,63.686885016498344
Drawing pin,885,20630.429610357467,38.30625022807808
Folder,908,91436.69724082509,6.377747731330956
Fax,855,78370.23016837872,8.579497266630893
Drawing pin,824,3588.310847291155,15.875004589767421
Tape dispenser,827,35394.20354144664,26.98990006543493
Desk,645,95730.3012083962,63.37564421277425
Scissors,812,84463.77511733078,14.18244957050163
Pencil sharpener,839,69013.42255137124,9.501490552582075
Calculator,113,22271.40657364892,24.132303901823438
Push-pin,281,41791.673892844294,83.29716314033826
Eraser,973,71510.75052382161,41.67170899712558
Telephone,708,79058.47789842523,21.42630204126482
Fountain pen,27,86688.16092752834,35.10733156928254
Desk,892,76532.3379483093,15.300602781286186
Drawing pin,419,66226.5064687753,59.18385263860652
Desk,671,87073.28575105459,95.17416052331623
Fax,614,67615.82277137184,7.914852247665632
Fountain pen,364,54743.90118063367,70.37009393003433
Envelope,650,48777.75768516539,59.59003760118057
Paper clip,814,56058.948630215695,85.59334866253809
Monitor,276,73590.7579015703,64.52816609437043
Desk,263,81080.77607712818,74.54743843327164
Telephone,801,81523.96032676019,37.37944976882202
Push-pin,382,57209.892700701916,60.53306871741238
Marker,703,55965.81995304973,53.94848422504735
Computer,260,24266.280484739542,77.07584600324331
Paper,417,75156.90881017252,63.77178225730677
Drawing pin,403,67387.51865458947,0.6549851964332905
Paper,334,52678.97089386197,86.66628941040022
Tape dispenser,950,30429.51618978735,67.13668228728454
Monitor,942,64091.928591832664,75.0670735241551
Filing cabinet,950,57103.54405895522,70.26572480796375
Wastebasket,658,3090.2833713290834,64.6826927210957
Glue,139,77457.78554635745,84.84541486038539
Stapler,157,34933.54092324568,63.11200790054234
Swivel chair,193,76828.8019310491,1.465399575309991
Desk,39,11602.036967395763,19.38970225163641
Glue,208,22508.987714725416,77.86058898754618
Pencil,666,97720.22626115725,40.88878632846711
Filing cabinet,760,83401.50679755106,21.559447948387312
Swivel chair,436,33366.187373302724,82.87402733433825
Scissors,334,44505.47011032797,10.02239380403631
Folder,422,60264.84789439524,58.30245192787037
Bulldog clip,614,59951.82495485341,97.00568193373333
Drawing pin,144,68540.96977878858,55.878999357001824
Desk,114,5764.272216842891,84.20499301546249
Bulldog clip,259,30673.192891205275,86.05080536460459
Highlighter,7,35345.65323795588,32.56040655638088
Drawing pin,579,64948.39729545661,35.89431356941635
Scissors,274,70791.22204818693,50.18672737318053
Envelope,354,79552.77542720687,43.10597006272967
Highlighter,882,84436.22124964386,23.497875517632774
Desk,548,12145.39322824884,75.48094896382051
Fax,975,10202.603229614411,64.59857644277648
Filing cabinet,410,41121.330287704826,27.18318277817906
Ballpoint,324,11169.93617122925,54.660317372560755
Filing cabinet,752,53852.810280620564,22.4578176269664
Monitor,660,80675.17912344722,89.2115311131667
Rubber stamp,543,55999.10579398933,30.456673890877358
Envelope,913,67395.30858465142,67.24784930459815
Paper clip,647,11470.195916546949,81.66320822519413
Label,239,93539.92393500145,18.258660469585617
Glue,917,50783.79581802909,7.002590061573658
Paper,668,45187.533210330104,37.732365650409555
Eraser,896,46638.24595047466,82.59872143383649
Envelope,246,6745.944292420847,70.70074708658979
Eraser,238,54021.47109893036,39.59238823389924
Computer,863,78898.00527111585,7.201665467127963
Eraser,142,29840.1133558927,38.97569492404444
Filing cabinet,390,29411.431855539315,37.21567626891841
Filing cabinet,159,60253.40466721177,67.46489370349988
Push-pin,723,20781.06329352761,34.60414102586889
Sticky notes,477,36883.495857325695,41.68791956703404
Envelope,620,69341.46881601229,94.95185616808203
Ballpoint,905,70326.70708203736,29.070995389944883
Fountain pen,979,31474.106736027275,33.90708284515802
Envelope,463,76093.21059389788,64.31798210381407
Pencil sharpener,185,11802.07915171753,83.18960753634909
Paper,977,46027.736672245395,83.63755324409865
Filing cabinet,31,55476.604757325375,4.68926009776246
Label,855,87140.84070741654,88.20267715162589
Highlighter,341,20081.86371158226,92.92688194819507
Glue,826,7620.487308132171,16.57379588329615
Envelope,222,91602.69278616399,92.69444802116895
Folder,596,63914.810176190265,30.486034056348785
Stapler,54,15094.840338014583,23.887174120183147
Rubber stamp,155,9957.647187740478,67.71714702857919
Sticky notes,245,55140.54810823474,21.38495754162854
Notebook,793,92380.41323269602,96.91956882037668
Eraser,100,558.5190835634239,54.02247592080109
Sticky notes,384,39561.46184751364,23.784205789661033
Scissors,622,87089.04702316552,77.88921616141197
Swivel chair,576,70937.55047997426,85.91120647330683
Eraser,214,36709.67803204039,86.96032521530256
Sticky notes,2,5729.097018182473,68.22304282902479
Paper clip,32,20234.148881751727,19.006533295620887
Computer,466,38492.27530883355,71.2314296477285
Stapler,424,69036.20332736622,20.550506089892554
Filing cabinet,235,24465.654407261278,78.06295897448314
Stapler,887,39896.39920128879,13.633966598171712
Pencil sharpener,605,83193.05680639617,71.18213692624182
Calculator,778,82750.98106574263,98.30106342417244
Notebook,613,69660.85175991202,14.589570905176839
Sticky notes,343,28990.50887557644,90.15425698196003
Marker,570,87332.71069409302,52.48051326314586
Fax,667,78434.89250352066,14.436470435324447
Rubber stamp,406,38946.1100569669,50.43067141821036
